IsolateID,LichenID,Thallus_location,Growth_rate_mm_day,MorphotypeID,Sequence_result,TaxonID,ITS_sequence
T15-L1-F11,W17-T15-L1,tip,8,M8,Good,Nigrospora_sp1,AGGGGATCATTACAGAGTTATCCAACTCCCAAACCCATGTGAACTTATCTCTTTGTTGCCTCGGCGCAAGCTACCCGGGACCTCGCGCCCCGGGGGGCCCGCCGGCGGACAAACCAAACTCTGTTATCTTCGTTGATTATCTGAGTGTCTTATTTAATAAGTCAAAACTTTCAACAACGGATCTCTTGGTTCTGGCATCGATGAAGAACGCAGCGAAATGCGATAAGTAATGTGAATTGCAGAATTCAGTGAATCATCGAATCTTTGAACGCACATTGCGCCCATTAGTATTCTAGTGGGCATGCCTGTTCGAGCGTCATTTCAACCCCTAAGCACAGCTTATTGTTGGGACTCTACGGCTTCGTAGTTCCCCAAAGACATTGGCGGAGTGGCAGCAGTCCTCTGAGCGTAGTAATTCTTTATCTCGCTTTTGTTAGGCGCTGCCCCCCCGGCCGTAAAACCCCCAATTTTTTCTGGTTGACCTCGGATCAGGTAGGAATACCCGCTGAACTTAAGCATATCAtaNGCCCGGGAGGAAANN
T15-L1-F14,W17-T15-L1,base,1.714,M6,Good,Peziza_arvernensis,TTTCGTAGGTGACCTGCGGAAGGATCATTAATGAAAAGTTCGTTTGAACCAATCATCACCCCATTGTTTACCTTACCACTGTTGCTTCCACTGGACGGGTCGACCCGTCAAAAGGTAGACCCTCTGACACCCGATCGGCCTTAAACAAGTCGCCTCGTTGTGCTGGGGAGTGCCGGTGGATAACCCACACCCAAAAAAAAAATACTTAAATATGATAAAAAACTGTCTGAACCAAATTTTTTATAAATCATTATAAAACTTTCAACAACGGATCTCTAGGCTCTTGCATCGATGAAAAACGCAGTGAAATGCGATACGTAATGTGAATTGCAAAATCTCGTGAATCATTGAATCTTTGAACGCACATTGCGCCTTATGGTATTCCATAAGGCATGCCTGTCTGAGCGTCAGCTCCCCCCCACTCAAGCTCTTTTGCTTGGATTATTTTGGACGAGCAGTCTTTATTTTTTGGATTGCTGCCCATAAATTCATAGGCAGTATGGTACTCATTCCAAGCTGAGCGTAATAATTAAAAAAATCACGCCCATATTGGTAGGACATCGTACTCGCCCTTAACCCACAAATTTTATTTTGGGTGACCTCAGATCAGGTAGGGATACCCGCTGAACTTAAGCATATCATA
T15-L1-F15,W17-T15-L1,base,4.286,M12,Good,Sordariomycetes_sp1_gen1,CTCCGTTGGTGAACCAGCGGAGGGATCATTACAGAGTTCTAAAAGACTCCCAAAACCATTGTGAACGTTACCCGTCAGCGTTGCCTCGGCGGGCGGCCCCTCCCTGGGGCCGCTGCCTCCCTCGCGGGGGGTGCCCGCCGGCGTACGAAAACTCTTTTGTATTTTAGTGGCCTCTCTGAGAAAACAAGCAAATAAGTTAAAACTTTCAACAACGGATCTCTTGGTTCTGGCATCGATGAAGAACGCAGCGAAATGCGATAAGTAATGTGAATTGCAGAATTCAGTGAATCATCGAATCTTTGAACGCACATTGCGCCCGCTAGTACTCTAGCGGGCATGCCTGTTCGAGCGTCATTTCAACCCTCAAGCCCTGCTTGGTGTTGGGGTCCTACGGCTGCCGTAGGCCCTGAAAACTAGTGGCGGGCTCGCTATAACTCCGAGCGTAGTAGTAAAATATCTCGCTAGGGAGGTGTCGCGGGTTCCGGCCGTGAAAGCCCCATCTTTTACACAAGGTTGACCTCGGATCAGGTAGGAATACCCGCTGAACTTAAGCATATCAATAAGCGGAGGAAG
T15-L1-F16,W17-T15-L1,base,1.429,M26,Good,Sordariomycetes_sp1_gen4,CTCCGTTGGTGACCAGCGGAGGGATCATTACAGAGTTCTAAAAGACTCCCAAAACCACTGTGAACGTTACCCGTCAGCGTTGCCTCGGCGGGCGGCCCCTCCCTGGGGCCGCTGCCTCCCTCGCGGGGGGTGCCCGCCGGTGTACGAAAACTCTTTTGTATTTTAGTGGCCTCTCTGAAAAAACAAGCAAATAAGTTAAAACTTTCAACAACGGATCTCTTGGTTCTGGCATCGATGAAGAACGCAGCGAAATGCGATAAGTAATGTGAATTGCAGAATTCAGTGAATCATCGAATCTTTGAACGCACATTGCGCCCGCTAGTACTCTAACGGGCATGCCTGTTCGAGCGTCATTTCAACCCTCAAGCCCTGCTTGGTGTTGGGGTCCTACGGCTGCCGTAAGCCCTGAAAACTAGTGGCGGGCTCGCTATAACTCCGAGCGTAGTAGTAACATATCTCGCTAGGGAGGTGTCGCGGGTTCCGGCCGTGAAAGCCCCATCTTTTACACAAGGTTGACCTCGGATCAGGTAGGAATACCCGCTGAACTTAAGCATATCAATAAGCGGAGGAA
T15-L1-F18,W17-T15-L1,base,1.786,M26,Good,Nemania_serpens_gen1,CTCCGTTGGTGAACCAGCGGAGGGATCATTACAGAGTTATCAAAACTCCCAAACCCATGTGAACATACCTCGCGTTGCCTCGGCAGGTGGCGTCTCGCCCCGTAAGAACCTACCCTGTAGGACCTTACCCGGTAGACGACCCTGCCGACGGCCCCCGAAACTCTGTTTTATAGCATTAAACTTCTGAAAATATAACTAAATAAGTTAAAACTTTCAACAACGGATCTCTTGGTTCTGGCATCGATGAAGAACGCAGCGAAATGCGATAAGTAATGTGAATTGCAGAATTCAGTGAATCATCGAATCTTTGAACGCACATTGCGCCCACTAGTATTCTGGTGGGCATGCCTGTTCGAGCGTCATTTCAACCCTTAAGCCCCTGTTGCTTAGCGTTAGGAGCCTACCGGAACTCTCTGGTAGCTCCCCAAAGTCAGTGGCGGAGCCGGTTCGCACTCCAGACGTAGTAGCTTTTACACGTCGCCTGTAGCGCGGGCCGGTCCCCTGCCGTAAAACACCCCAATTTTTATAGGTTGACCTCGGATCAGGTAGGAATACCCGCTGAACTTAAGCATATCAATAG
T15-L1-F22,W17-T15-L1,base,11.75,M32B,Good,Pezizomycetes_sp5,TTgtNTNCCtAGGAATATGCATTTTCAAACCCCTCTGTGTACCTTACCTGTTGCTTCCGTGCTGCGTGGACTTCGGTCCCCTCCCTCGCTGGAGTGCCGGCACGGCTAACAAAACTCATGCATTTCATGTCATCTGTCTGAACTGATAAATACAAAAAGTTAAAACTTTCAACAACGGATCTCTTGGTTCTCGCATCGATGAAGAACGCAGCGAAATGCGATAAGTAGTGTGAATTGCAGAATTCAGTGAATCATCGAATCTTTGAACGCACATTGCGCCTCCTGGTATTCCGGGAGGCATGCCTGTTCGAGCGTCATTAAAATCAACTCAAGCTCATTTGCTTGGTCATGGAAGAAGAGTCTGCATCGCAGCCTCCCCTCCGAAATCCAATGGCGGAAGGTCACTGGTGCCCGGCGTAGTATTAACGTTCGCTGTGTACCCAGAGTCTTTCCTGCCCAACAACCCCCTTTCTCGTGATTGACCTCGGATCAGGTAGGGATACCCGCTGAACTTAAGCATATCaNANNNCGGGANGAAANNN
T15-L1-F13,W17-T15-L1,base,3.857,M12,,Sordariomycetes_sp1_gen1,
T15-L1-F24,W17-T15-L1,base,1.262,M26,,Nemania_serpens_gen1,
T15-L2-F17,W17-T15-L2,base,1.214,M17,Good,Pezizomycetes_sp4,TTCCGTAGTTGAACCTGCGGAAGGATCATTAAAAGTAAATATGTATTCTCTGGAATATACGTTTCAAACCCATCTGTGTATCTTACCTGTTGCTTCCGTACCGCGTGGACTTCGGTCCCCTCATGCTGTACTTCGGTACGGTTCCAGAGTGCCGGTGCGGAAGGTATACATCAAACTCTTGCATTCCATGTCTTCTGTCTGAACTGTTAATAACAAAAGTTTAAAACTTTCAACAACGGATCTCTTGGTTCTCGCATCGATGAAGAACGCAGCGAAATGCGATAAGTAGTGTGAATTGCAGAATTCAGTGAATCATCGAATCTTTGAACGCACATTGCGCCTCCTGGTATTCCGGGAGGCATGCCTGTTCGAGCGTCATTAAAAACCACTCAAGCTCTTTTGCTTGGTCATGGAAGAAGAGTCCGCTTGCCGGTCTCCCTTTCGAAATGCAATGGCGGAAGGTCTCTTGTACCCAGCGTAGTAATAACTTTTCGCTTTGTGCATTGATTCATTCCTGCCGTCAAACCCCCAATTTTCTTAGGTTGACCTCGGATCAGGTAGGGATACCCGCTGAACTTAAGCATATCAATAAGCGGAGGAA
T15-L2-F7,W17-T15-L2,tip,,M23,Good,Sordariomycetes_sp3,TCTCCGTTGGTGACCAGCGGAGGGATCATTACAGAGTTCTAAAAGACTCCCAAAACCATGTGTGAACGTTACCCGTCAGCGTTGCCTCGGCGGGCGGCCCCTCCCTGGGGCCGCTGCCTCCCTCGCGGGGGGTGCCCGCCGGCGTACGAAAACTCTTTTGTATTTTAGTGGCCTCTCTGAGAAAACAAGCAAATAAGTTAAAACTTTCAACAACGGATCTCTTGGTTCTGGCATCGATGAAGAACGCAGCGAAATGCGATAAGTAATGTGAATTGCAGAATTCAGTGAATCATCGAATCTTTGAACGCACATTGCGCCCGCTAGTACTCTAGCGGGCATGCCTGTTCGAGCGTCATTTCAACCCTCAAGCCCTGCTTGGTGTTGGGGTCCTACGGCTGCCGTAGGCCCTGAAAACTAGTGGCGGGCTCGCTATAACTCCGAGCGCAGTAGTAAAATATCTCGCTAGGGAGGTGTCGCGGGTTCCGGCCGTGAAAGCCCCATCTTTTACACAAGGTTGACCTCGGATCAGGTAGGAATACCCGCTGAACTTAAGCATATCAATAAGCGGAAGGAA
T15-L2-F19,W17-T15-L2,base,1.786,M37E,Poor,,
T16-L1-F11,W17-T16-L1,tip,,M32B,Acceptable,Pezizaceae_sp1_gen1,gTAGGTGACCTGCGGAAGGATCATTACAAGTAAATACGTGTTCTTTGGAATATGCATTTTCAAACCCCTCTGTGTACCTTACCTGTTGCTTCCGTGCTGCGTGGATTTCGGTCCCCTCCATTGCTGGAGTGCTGGCACGGCTAACAAAATTCTTGCATTTCATGTCATCTGTCTGAACTGTTAAATACAAAAAGTTAAAACTTTCAACAACGGATCTCTTGGTTCTCGCATCGATGAAGAACGCAGCGAAATGCGATAAGTAGTGTGAATTGCAGAATTCAGTGAATCATCGAATCTTTGAACGCACATTGCGCCTCCTGGTATTCCGGGAGGCATGCCTGTTCGAGCGTCATTAAAATCAACTCAAGCTTCTTTTGCTTGGTCATGGAAGATGAGTCTGCCTGGCAGTCTCCCCTCCGAAATTCAATGGCGGAAGGTCCCTGGTGCCCGGCGTAGTATTAACGTTCGCTTTGCATCCAGAGTCGTTCCTGCTGTATAACCCCCTTTCTCGTGATTGACCTCGGATCAGGTAGGGATACCCGCTGAACTTAAGCATATCAATAGcCGGAGGAAA
T16-L1-F4,W17-T16-L1,tip,5.2,M8,Did not sequence,,
T16-L1-F22,W17-T16-L1,base,0.36,M26,Good,Nemania_serpens_gen1,GTTGGTGACCAGCGGAGGGATCATTACAGAGTTATCAAAACTCCCAAACCCATGTGAACATACCTCGCGTTGCCTCGGCAGGTGGCGTCTCGCCCCGTAAGAACCTACCCTGTAGGACCTTACCCGGTAGACGACCCTGCCGACGGCCCCCGAAACTCTGTTTTATAGCATTAAACTTCTGAAAATATAACTAAATAAGTTAAAACTTTCAACAACGGATCTCTTGGTTCTGGCATCGATGAAGAACGCAGCGAAATGCGATAAGTAATGTGAATTGCAGAATTCAGTGAATCATCGAATCTTTGAACGCACATTGCGCCCACTAGTATTCTGGTGGGCATGCCTGTTCGAGCGTCATTTCAACCCTTAAGCCCCTGTTGCTTAGCGTTAGGAGCCTACCGGAACTCTCTGGTAGCTCCCCAAAGTCAGTGGCGGAGCCGGTTCGCACTCCAGACGTAGTAGCTTTTACACGTCGCCTGTAGCGCGGGCCGGTCCCCTGCCGTAAAACACCCCAATTTTTATAGGTTGACCTCGGATCAGGTAGGAATACCCGCTGAACTTAAGCATAtNNNNNNGGNNNNNNGAAA
T16-L2-F3,W17-T16-L2,tip,3.2,M40,Did not sequence,,
T16-L3-F12,W17-T16-L3,tip,6.2,,Did not sequence,,
T17-L1-F23,W17-T17-L1,base,3.547619048,M34,Good,Sordariomycetes_sp1_gen2,GTTGGTGACCAGCGGAGGGATCATTACAGAGTTCTAAAAGACTCCCAAAACCATTGTGAACGTACCCGTCAGCGTTGCCTCGGCGGGCGGCCCCTCCCTGGGGCCGCTGCCTCCCTCACGGGGGGTGCCCGCCGGCGTACGAAAACTCTTTTGTATTTTAGTGGCCTCTCTGAGAAAACAAGCAAATAAGTTAAAACTTTCAACAACGGATCTCTTGGTTCTGGCATCGATGAAGAACGCAGCGAAATGCGATAAGTAATGTGAATTGCAGAATTCAGTGAATCATCGAATCTTTGAACGCACATTGCGCCCGCTAGTACTCTAGCGGGCATGCCTGTTCGAGCGTCATTTCAACCCTCAAGCCCTGCTTGGTGTTGGGGTCCTACGGCTGCCGTAGGCCCTGAAAACTAGTGGCGGGCTCGCTATAACTCCGAGCGTAGTAGTAAAATATCTCGCTAGGGAGGTGTCGCGGGTTCCGGCCGTGAAAGCCCCATCTTTTACACAAGGTTGACCTCGGATCAGGTAGGAATACCCGCTGAACTTAAGCATATcaGAA
T17-L2-F20,W17-T17-L2,base,1.285714286,M35,Did not sequence,,
T17-L2-F19,W17-T17-L2,base,2.642857143,M6,Good,Sordariomycetes_sp1_gen3,CTCGTTGGTGAcCAGCGGAGGGATCATTACAGAGTTCTAAAAGACTCCCAAAACCATTGTGAACGTTACCCGTCAGCGTTGCCTCGGCGGGCGGCCCCTCCCTGGGGCCGCTGCCTCCCTCGCGGGGGGTGCCCGCCGGCGTACGAAAACTCTTTTGTATTTTAGTGGCCTCTCTGAGAAAACAAGCAAATAAGTTAAAACTTTCAACAACGGATCTCTTGGTTCTGGCATCGATGAAGAACGCAGCGAAATGCGATAAGTAATGTGAATTGCAGAATTCAGTGAATCATCGAATCTTTGAACGCACATTGCGCCCGCTAGTACTCTAGCGGGCATGCCTGTTCGAGCGTCATTTCAACCCTCAAGCCCTGCTTGGTGTTGGGGCCCTACGGCTGCCGTAGGCCCTGAAAACTAGTGGCGGGCTCGCTATAACTCCGAGCGTAGTAGTAAAATATCTCGCTAGGGAGGTGTCGCGGGTTCCGGCCGTGAAAGCCCCATCTTTTACACAAGGTTGACCTCGGATCAGGTAGGAATACCCGCTGAACTTAAGCATATcaaCGAGA
T17-L2-F5,W17-T17-L2,tip,4.047619048,M33,Good,Graphostroma_sp1,CTCCCGTTGGTGACCAGCGGAGGGATCATTAGCGAGTTAATTACAAACTCCAAACCCATGTGAACTTACCTACTGTTGCCTCGGCAGGTCGTGCTATACGGTACGGGAAGCTACCCTGGAGCTGACCTACCCTGGAGAGGAGCTACCCTGGAGTTGAGAGACTCTGGAGAGGAGCTACCCTGGAGTAGGGAAAGCTACCCTGCAGCTGACTTACTCTATATAAGGGCTACCCTGGAGTTGAAAGATACTCTGGAGAGAGGTTACTATAGAGCAAGGAAAGCCCGCAACGGAGCAGCACCTACCCTGTAGTACGTAACCAGGCCTGCCGAAGGACCCTTAAACTCTGTTTAATAATTGTATCTCTGAGAATATTATACAAATAAGTTAAAACTTTCAACAACGGATCTCTTGGTTCTGGCATCGATGAAGAACGCAGCGAAATGCGATAAGTAATGTGAATTGCAGAATTCAGTGAATCATCGAATCTTTGAACGCACATTGCGCCTAATAGTATTCTGTTAGGCATGCCTGTTCGAGCGTCATTTCAACCCCCAAGCCCTATTTGCTTGACGTTGGGAACTTACAGCTGCTGTAATTCCTTAAATTTAGTGGCGGAGCTAGGTCATGCTCTAAGCGTAGTAATTCTTTTCTCGCTTCTGATGCTGCCCTGTATCCTGCCGTAAAACCCCTAAATTTTATTCTGGTTGACCTCGGATCAGGTAGGAATACCCGCTGAACTTAAGCATATCATACGGAGAW
T17-L3-F14,W17-T17-L3,base,1.160714286,M20,Good,Chaetomium_sp1,CGTTGGTGACCAGCGGAGGGATCATTAAAGAGTTGCAAAACTCCCACAAACCATCGCGAACGATACCCGTAACCGTTGCCTCGGCGGCGTGGGCCCCTCGGGGTCGCCCGCCGGCGGTACCTAAAACTCTGTTTTTATAGGCCTCTCTGAGTAACTTATCAAATAAGTCAAAACTTTTAACAACGGATCTCTTGGTTCTGGCATCGATGAAGAACGCAGCGAAATGCGATAAGTAATGTGAATTGCAGAATTCAGTGAATCATCGAATCTTTGAACGCACATTGCGCCCGCCAGTATTCTGGCGGGCATGCCTGTTCGAGCGTCATTTCAACCATCAAGCCCCTGGGCTTGCGTTGGGGCCCTGCGGCTGCCGCAGACCCCTAAAACCAGTGGCGGGCTTGTTGTCACACCGAGCGCAGTAGTAATATCTCGCTTTGGTCGCGGCGGCGGGCGCTTGCCGTAAAACACCCCACATATCAAGGTTGACCTCGGATCAGGTAGGAATACCCGCTGAACTTAAGCATATCCAGA
T19-L2-F19,W17-T19-L2,tip,0.75,M18,,,
T19-L2-F22,W17-T19-L2,tip,3.286,M38,,Pezizales_sp1,CGTAGGTGACCTGCGGAAGGATCATTAATTAACTGCGAAATGCGTGTGTCTCTCGTAAGTCTGCAGTGTTTCTTCTGGGGACTCTGCAGCGCTGGTCCTCGCCTCCTTTTAGTTATATCCCATCTGTGAACTTATCCACTGTTGCTTCCGTGAGCCTGCTGTTCACACTCTCTGAGAGTGAACGCCTGAAAAGCCCTAGCCATACTTAGGGGCGCACGGCAATGGTACTACAACTCTGGTTTTATGTCTTCCATGTCTGAGTGGTAAACACATCAAACAAGTTAAAACTTTCAACAACGGATCTCTTGGTTCTCGCATCGATGAAGAACGCAGCGAAATGCGATAAGTAGTGTGAATTGCAGAATTCAGTGAATCATCGAATCTTTGAACGCACATTGCGCCTCCTGGTATTCCGGGAGGCATGCCTGTTCGAGCGTCATCAAAACATCCTCAAGCAACCTTGCTTGGTCGTGGAGGAAGATGATTTCCAGATCATCCCCTCTGGAATTTCTCAGCCGAGACCGCAATAACCTCAGGTGTGATAACATTACCTCGCTTGAAGGTTGTGGCGAGCTCTTGCTGTATAGAACCCCCCAGCATTTACCATGTTTGACCTCGGATCAGGTAGGGATACCCGCTGAACTTAAGCATATC
T19-L2-F24,W17-T19-L2,tip,4,M26,,Pithya_sp1,GCGGGAAGGATCATTAACTAAAACAACCGTGGTCATCCCTTCACCGGGGTGCGCCTCGTCCTGTTTCAACCCTCTGTGTACCAATACCTCTGTTGCTTCCCGTCCGAGCTTCGGCCCGCGGCGGGAAGGTCTACCGAAACTCTTTTGTCTTAATGCAGTCTGTAGATGGCGGCTAGTCCGCAAAAAATTAAAAGTTAAAACTTTCAACAACGGATCTCTTGGTTCTCGCATCGATGAAGAACGCAGCGAAATGCGATAAGTAGTGTGAATTGCAGAATTCAGTGAATCATCGAATCTTTGAACGCACATTGCGCCCTCTGGTATTCCGGAGGGCATGCCTGTCCGAGCGTCGTCAAACCCCCCTCAAGCTGCTTTTGCTGCTTGGTCTTGGCCGAAGATCGCTGCCCCTCGGGGAGGCGTTCCCGGCTGAAAGGGATCTGGCGGAGAGCCTGGTCTCCACGGATGTAGTAAGCTTATGCCTATCTTCTGTGTGTGCGACCAGTTATCCAGCCGTCAACCTCAATTTTTCATGTTGACCTCGGATCAGGTAGGGATACCCGCTGAACTTAAGCATATCAT
T19-L2-F7,W17-T19-L2,tip,12.14,M32B,,Pezizaceae_sp1_gen1,CGTAGGTGACCTGCGGAAGGATCATTACAAGTAAATACGTGTTCTTTGGAATATGCATTTTCAAACCCCTCTGTGTACCTTACCTGTTGCTTCCGTGCTGCGTGGATTTCGGTCCCCTCCATTGCTGGAGTGCTGGCACGGCTAACAAAATTCTTGCATTTCATGTCATCTGTCTGAACTGTTAAATACAAAAAGTTAAAACTTTCAACAACGGATCTCTTGGTTCTCGCATCGATGAAGAACGCAGCGAAATGCGATAAGTAGTGTGAATTGCAGAATTCAGTGAATCATCGAATCTTTGAACGCACATTGCGCCTCCTGGTATTCCGGGAGGCATGCCTGTTCGAGCGTCATTAAAATCAACTCAAGCTTCTTTTGCTTGGTCATGGAAGATGAGTCTGCCTGGCAGTCTCCCCTCCGAAATTCAATGGCGGAAGGTCCCTGGTGCCCGGCGTAGTATTAACGTTCGCTTTGCATCCAGAGTCGTTCCTGCTGTATAACCCCCTTTCTCGTGATTGACCTCGGATCAGGTAGGGATACCCGCTGAACTTAAGCATAT
T1-L2-F5,W17-T1-L2,tip,2.714,M18,Did not sequence,,
T24-L1-F6,W17-T24-L1,base,,M23,Did not sequence,,
T24-L1-F11,W17-T24-L1,tip,0.178571429,M3B,Good,Cladosporium_sp1,CTCGTAGGTGACCTGCGGAGGGATCATTACAAGTGACCCCGGTCTTACCACCGGGATGTTCATAACCCTTTGTTGTCCGACTCTGTTGCCTCCGGGGCGACCCTGCCTTCGGGCGGGGGCTCCGGGTGGACACTTCAAACTCTTGCGTAACTTTGCAGTCTGAGTAAACTTAATTAATAAATTAAAACTTTTAACAACGGATCTCTTGGTTCTGGCATCGATGAAGAACGCAGCGAAATGCGATAAGTAATGTGAATTGCAGAATTCAGTGAATCATCGAATCTTTGAACGCACATTGCGCCCCCTGGTATTCCGGGGGGCATGCCTGTTCGAGCGTCATTTCACCACTCAAGCCTCGCTTGGTATTGGGCAACGCGGTCCGCCGCGTGCCTCAAATCGACCGGCTGGGTCTTCTGTCCCCTAAGCGTTGTGGAAACTATTCGCTAAAGGGTGTTCGGGAGGCTACGCCGTAAAACAACCCCATTTCTAAGGTTGACCTCGGATCAGGTAGGGATACCCGCTGAACTTAAGCATATCATA
T24-L1-F13,W17-T24-L1,base,1.142857143,M26,Good,Nemania_serpens_gen2,TTGTCTCGTTGGTGACCAGCGGAGGGATCATTACAGAGTTATCAAAACTCCCAAACCCATGTGAACATACCTCGCGTTGCCTCGGCAGGTGGCGTCTCGCCCCGTAAGAACCTACCCTGTAGGACCTTACCCGGTAGACGACCCTGCCGACGGCCCCCGAAACTCTGTTTTATAGCATTAAACTTCTGAAAACATAACTAAATAAGTTAAAACTTTCAACAACGGATCTCTTGGTTCTGGCATCGATGAAGAACGCAGCGAAATGCGATAAGTAATGTGAATTGCAGAATTCAGTGAATCATCGAATCTTTGAACGCACATTGCGCCCACTAGTATTCTGGTGGGCATGCCTGTTCGAGCGTCATTTCAACCCTTAAGCCCCTGTTGCTTAGCGTTAGGAGCCTACCGGAACTCTCTGGTAGCTCCCCAAAGTCAGTGGCGGAGCCGGTTCGCACTCCAGACGTAGTAGCTTTTACACGTCGCCTGTAGCGCGGGCCGGTCCCCTGCCATAAAACACCCCAATTTTTATAGGTTGACCTCGGATCAGGTAGGAATACCCGCTGAACTTAAGCATATCATA---------------------------------------------------------------------
T24-L1-F17,W17-T24-L1,base,0.928571429,M37F,Good,Sordariomycetes_sp5_gen1,TCTCGTTGGTGACCAGCGGAGGGATCATTACAAGAAGCCGAAAGGCTACTTCAAACCATCGCGAACTCGTCCAAGTTGCTTCGGCGGCGCGGCTCCCCCAACGGGGCGCCGCAGCCCCGCCTCCCCGGAGGTGAGGGGCGCCCGCCGGAGGTATCAAACCCTTCTGTATTATAGTGGCATCTCTGAGTAAAACAAACAAGTTAAAACTTTCAACAACGGATCTCTTGGCTCTGGCATCGATGAAGAACGCAGCGAAATGCGATAAGTAATGTGAATTGCAGAATTCAGTGAATCATCGAATCTTTGAACGCACATTGCGCCCGCTAGTACTCTAGCGGGCATGCCTGTTCGAGCGTCATTTCAACCCTCAAGCCCTGCTTGGTGTTGGGGCCCTACGGCTGCCGTAGGCCCTGAAAGGAAGTGGCGGGCTCGCTGCAACTCCGAGCGTAGTAATTCATTATCTCGCTAGGGAGGCGCGGCGCGCTCCTGCCGTTAAAGACCCCATCTTTAACCAAGGTTGACCTCGGATCAGGTAGGAATACCCGCTGAACTTAAGCATATCATA
T24-L1-F8,W17-T24-L1,tip,1.214285714,M37C,Good,Xylariaceae_sp1,AAGGGTCTCGTTGGTGACCAGCGGAGGGATCATTACCGAGTTGTCCTCCGTGACACTCCCTTTATACCCCATGTGAACATACCGTCGTTGCCTCGGCGGGCGTTAATGCTACGCCCGCCGGCGGCCCACCAAACCAAATTCTGTCAACTTGAAAACCAATTCTGAACCTATAACAAATTATGTTAAAACTTTCAACAACGGATCTCTTGGTTCTGGCATCGATGAAGAACGCAGCGAAATGCGATACGTAATGTGAATTGCAGAATTCAGTGAATCATCGAATCTTTGAACGCACATTGCGCCCGCTGGTATTCCAGCGGGCATGCCTGTTCGAGCGTCATTTCAACCCTTAAGCCCTTGTTGCTTAGCGTTGGGAGACCACCCCGCCTTGCCGCGGCGGTGGCTCCCTAAAGCGAGTGGCGGAGCCGGCCCGTGCTCTAGGCGTAGTAGATTTTCGTCTCGCCTCTGTAGTCGGGTCTGGTTTTTCCTGCCGTAAAAGGAAGAAAAAAACAGATGTTTTTTTCTTCTTCTTCTTAGGTTGACCTCGGATCAGGTAGGAATACCCGCTGAACTTAAGCATATCAATAAGCGGAGGAA------------------------------------------------------
T24-L1-F9,W17-T24-L1,tip,3.5,M33,Good,Peziza_varia,GTTCGTAGGTGACCTGCGGAAGGATCATTAATGAAAAGTTCTTTTGAACCAATCATAACACCCCATTGTTTTAACTCCACCCCTCCCTTGCTTCCACTGGTCAGTGTTGAGCCCTTCGTCTGACGTTGGGCAAGACCCTTCATGCGCTTCAAATTCTTGGAGTGGCTGGAGCGTGCCGGTGCTTGCCTTCCAAAAAAATAAAATACTTGAATATGAGAAATACTGTCTGAATCAAAAATTTTTATAAATCATTATAAAACTTTCAACAACGGATCTCTAGGCTCTTGCATCGATGAAGAACGCAGTGAAATGCGATACGTAATGTGAATTGCAGAATCTCGTGAATCATTGAATCTTTGAACGCACATTGCGCCCTATGGTATTCCGTAGGGCATGCCTGTCTGAGCGTCAGCTAGCCCCCCCACTCAAGCTCTTTTGCTTGGATTATTTCGGACGAGCAGTCTATTACTGATTGCTGCCCGTAAATTCATAGGCAGTATGGTTCCCTCATTCCAAGCTGAGCGTAATAATTAAAACAATCACGCTCATACATTGAAGTTGAGAATATCGTACTCGCCCTTAACCCACAATATTTTTTATTTGGGTGACCTCAGATCAGGTAGGGATACCCGCTGAACTTAAGCAT
T24-L2-F24,W17-T24-L2,base,0.428571429,M37C,Good,Xylariaceae_sp1,
T24-L2-F3,W17-T24-L2,tip,,M20,Good,Dothideomycetes_sp1,TTCCGTAGGTGACCTGCGGAAGGATCATTAATGAGTATAAGCGGACCGACGGCCTACAAGCCGAAGGCTCCCAACTCCCACCCTTTGTTTACCATCCCCCATACTTCGGCGGGCGACGTAGCGGGAGGCCCTGTAATGGGGTACCCTCCGCTGCGACCCGTCGGCCTTACAAAACCTCAAGCTATAACAGTGCCGTCTGAGCATTTGCAAGCAAAGAATAAAAACTTTCAACAACGGATCTCTTGGTTCTGGCATCGATGAAGAACGCAGCGAAATGCGATAAGTAATGTGAATTGCAGAATTCAGTGAATCATCGAATCTTTGAACGCACATTGCGCCCTCTGGTATTCCGGAGGGCACACCTGTTCGAGCGCTAGTACAAACAATCAAGCCTTGCTTGGTGTTGGGGATCGGCCTCTTCCTTCGGGGAGAGGCCTTCCCGAAACTCATGGGCGCCGCCTTCCGGCTCCGAGCGTAGCAAGCGAAAGCCCTCGCTTCGGATCGTTTGGTCGGTGGTCGCCGGTAAACCTTTGGGGGGGAAACCTCCTAAAACTTATCACAGTTTAGCCTCGGATCAGGTGGGGATACCCGCTGAACTTAAGCATATCAATAA
T24-L2-F4,W17-T24-L2,tip,1.785714286,M25,Good,Sarcosomataceae_sp1,GTCGTAGGTGACCTGCGGAAGGATCATTAATTATTCATCGGAAGAGTCCAGGTGGGCGGTGGAGGCATGGGAAACCATGCTTACCACACGCCCCTTCTTCATGAACATCCCATCTGTGTATCAAACCTTTGTTGCTTCCCGCATGGCGTGGCCTGCAAGGGCTATGCCGCGGGGAGGAAACCATAAACTCTGGTTGTTGTATTCTTAGTCTGAGTGGTAAACACATTAAACAAGTTAAAACTTTCAACAACGGATCTCTTGGTTCTCGCATCGATGAAGAACGCAGCGAAATGCGATAAGTAGTGTGAATTGCAGAATTCAGTGAATCATCGAATCTTTGAACGCACATTGCGCCTTCTGGTATTCCGGGAGGCATGCCTGTTCGAGCGTCATCAAACACATCCTCAAGCTCTTTTGCTTGGTATTGGAGGACGATGTCAGCATCTCCTCTCAAATCCCTCAGCGGAAACTACTGCGGTGTCAGGTGTCATAAGATTACCTTTCGCTTGATAACTGCTGGTAGGTTCTTGCTGTGAAGAGCCCCCCAGCTATTTTTTTTACGTTTGACCTCGAATCAGGTAGGGATACCCGCTGAACTTAAGCATATCAATA
T24-L3-F24,W17-T24-L3,base,1.142857143,M37B,Good,Sordariomycetes_sp4,AAGGGTCTCGTTGGTGACCAGCGGAGGGATCATTATAAGAAGCCGAAAGGCTACTTCAAACCATAGCGAACTCATCCAAGTTGCTTCGGCGGCGCGGCTCCCCTCGCGGGGTGCCGCAGCCCCGCCCCCCCGGGGGTGGTGGGCGCCCGCCGGAGGTATCAAACTCTCCTTTATTATAGCGGTATCTCTGAGTAAAAACAATAAGTTAAAACTTTCAACAACGGATCTCTTGGCTCTGGCATCGATGAAGAACGCAGCGAAATGCGATAAGTAATGTGAATTGCAGAATTCAGTGAATCATCGAATCTTTGAACGCACATTGCGCCCGCTAGTATTCTAGCGGGCATGCCTGTTCGAGCGTCATTTCAACCCTCAAGCCCTGCTTGGTGTTGGGGCCCTACGGCTGCCGTAGGCCCTGAAAGGAAGTGGCGGGCTCGCTGCAACTCCGAGCGTAGTAATTCATTATCTCGCTAGGGAGGCGCTGCGGTGCTCCTGCCGTTAAAGCCCCATCTTTAACCAAAGGTTGACCTCGGATCAGGTAGGAATACCCGCTGAACTTAAGCATATCAATAAGCGGAGGAA
T25-L2-F1,W17-T25-L2,base,3,M37A,Acceptable,Sordariomycetes_sp2,TGGTGACCAGCGGAGGGATCATTACAGAGTTCTAAAAGACTCCCAAAACCATTGTGAACGTACCCGTCAGCGTTGCCTCGGCGGGCGGCCCCTCCCTGGGGCCGCTGCCTCCCTCACGGGGGGTGCCCGCCGGCGTACGAAAACTCTTTTGTATTTTAGTGGCCTCTCTGAGAAAACAAGCAAATAAGTTAAAACTTTCAACAACGGATCTCTTGGTTCTGGCATCGATGAAGAACGCAGCGAAATGCGATAAGTAATGTGAATTGCAGAATTCAGTGAATCATCGAATCTTTGAACGCACATTGCGCCCGCTAGTACTCTAGCGGGCATGCCTGTTCGAGCGTCATTTCAACCCTCAAGCCCTGGTTGGTGTTGGGGTCCTACGGGTGCCGTAAGCCCTGAAAACTAATGGCGGGCTCGCTATAACTCCCAACGTAATAATAAAATATCTCGCTAGGGAAGTGTCCGGGTTCCGGCCGTGAAAGCCCCATCTTTTACACAAGGTGAACTCCGATCAGGAGAATACCCGCTGAACTTAACATATC
T25-L2-F12,W17-T25-L2,base,3.6,M26,Good,Nemania_serpens_gen2,CCGGAGGGATCATTACAGAGTTATCAAAACTCCCAAACCCATGTGAACATACCTCGCGTTGCCTCGGCAGGTGGCGTCTCGCCCCGTAAGAACCTACCCTGTAGGACCTTACCCGGTAGACGACCCTGCCGACGGCCCCCGAAACTCTGTTTTATAGCATTAAACTTCTGAAAACATAACTAAATAAGTTAAAACTTTCAACAACGGATCTCTTGGTTCTGGCATCGATGAAGAACGCAGCGAAATGCGATAAGTAATGTGAATTGCAGAATTCAGTGAATCATCGAATCTTTGAACGCACATTGCGCCCACTAGTATTCTGGTGGGCATGCCTGTTCGAGCGTCATTTCAACCCTTAAGCCCCTGTTGCTTAGCGTTAGGAGCCTACCGGAACTCTCTGGTAGCTCCCCAAAGTCAGTGGCGGAGCCGGTTCGCACTCCAGACGTAGTAGCTTTTACACGTCGCCTGTAGCGCGGGCCGGTCCCCTGCCATAAAACACCCCAATTTTTATAGGTTGACCTCGGATCAGGTAGGAATACCCGCTGAACTTAAGCATATCAATA
T26-L1-F19,W17-T26-L1,base,7.2,M32B,Good,Nemania_serpens_gen1,TCTCGTTGGTGACCAGCGGAGGGATCATTACAGAGTTATCAAAACTCCCAAACCCATGTGAACATACCTCGCGTTGCCTCGGCAGGTGGCGTCTCGCCCCGTAAGAACCTACCCTGTAGGACCTTACCCGGTAGACGACCCTGCCGACGGCCCCCGAAACTCTGTTTTATAGCATTAAACTTCTGAAAATATAACTAAATAAGTTAAAACTTTCAACAACGGATCTCTTGGTTCTGGCATCGATGAAGAACGCAGCGAAATGCGATAAGTAATGTGAATTGCAGAATTCAGTGAATCATCGAATCTTTGAACGCACATTGCGCCCACTAGTATTCTGGTGGGCATGCCTGTTCGAGCGTCATTTCAACCCTTAAGCCCCTGTTGCTTAGCGTTAGGAGCCTACCGGAACTCTCTGGTAGCTCCCCAAAGTCAGTGGCGGAGCCGGTTCGCACTCCAGACGTAGTAGCTTTTACACGTCGCCTGTAGCGCGGGCCGGTCCCCTGCCGTAAAACACCCCAATTTTTATAGGTTGACCTCGGATCAGGTAGGAATACCCGCTGAACTTAAGCATATCATAA
T26-L2-F18,W17-T26-L2,base,1.714,M4,Good,Lasiosphaeris_sp1,TCTCCGTTGGTGACCAGCGGAGGGATCATTACAGAGTTGAAAAACTCCCCACCATTGTGAATCATACCTATCGTTGCTTCTCCAGCATCAATGCGGCCGACACCCCTATAATCTCTTTTTTTTTTTGCCTCTCTGATTATAACCAAAAATACTTTAAAACTTTCTTCAACGGATCTCTTGGTTCTGGCGTCGATGAAGAACACAGCGAAATGCGATAATTAATGTGAATTGCTGAATTCATTGAATCATCGAATCTTTGAACACACATTGCGCCCGCCAGTACTCTGGCGGGCATGCCTGTCCGAGCATCATTTCCTCCATCATGCTCTGCTTGCGGTGGGGTTCTGCGTCTGTCGCAGTCCCTAAAAATTATTGGCGGGCTCGTTGTCTTTTACCGAGTGCAGCACTTTTATTCTCTCTGCAATACAACGCTCCTTGCCGTAAAACACCCCACCTCTCTTTTAATGTTGACCTCCGATCATGTAGGAATACCCGCTGAACTTATTCATATCATTAACGGAGGAAGAA
T26-L3-F12,W17-T26-L3,tip,,M15,Good,Pezizomycetes_sp3,TCCGTAGGTGACCTGCGGAAGGATCATTAAAAATTATATGTATTCTCTGGAATATACGTTTCAACCCATCTGTGTATCTTACCTGTTGCTTCCGTACCGCGTGGACTTCGGTCCCCTCATGCTGTACTTCGGTACGGTTCCAGAGTGCCGGTGCGGAATGTATACATCAAACTCTTGCATTCCATGTCTTCTGTCTGAACTGTTAATAACAAAAGTTTAAAACTTTCAACAACGGATCTCTTGGTTCTCGCATCGATGAAGAACGCACCGAAATGCAATAAGTAGTGTGAATTGCAGAATTCATTGAATCATCTAATCTTTGAACGCACATTGCGCCTCCTGGTATTCCGGGAGGCATGCCTGTTCTAGCGTCATTAAAAGCCACTCAAGCTCTTTTGCTTGGACATGGAAGAAAACTCCGCTTGCCGGTCTCCCTTTCCAAATGCAATGGCGGAAGGTCTCTTGTACCCACCGTACCAATAACTTTTCGCTTTGTGCATTGATTCATTCCTGCCGTCTAACCCCCAATTTTCTTAAGTTGACCTCAGATCACGTAGAGATACCCGCTGAACTAGAATGTTTGGTTGTGTCTGCGTGTGCTTCGAACTTGCCTCTGTGGCACATCCCAATTTCACTTCTGGTCTCAAATCAAGTAGGATCACCCGCTGAACTTAAGCATATCAATAA
T26-L3-F18,W17-T26-L3,base,1.429,M26,Good,Nemania_serpens,
T26-L3-F21,W17-T26-L3,base,1.119,M3A,Good,Cladosporium_sp1,GTCTCGTTGGTGACCAGCGGAGGGATCATTACAGAGTTATCAAAACTCCCAAACCCATGTTGAACATACCTCGCGTTTGCCTCGGCAGGTGGCGTCTCGCCCCGTAAGAACCTACCCTGTAGGACCTTACCCGGTAGACGACCCTGCCGACGGCCCCCGAAACTCTGTTTTATAGCATTAAACTTCTGAAAACATAACTAAATAAGTTAAAACTTTCAACAACGGATCTCTTGGTTCTGGCATCGATGAAGAACGCAGCGAAATGCGATAAGTAATGTGAATTGCAGAATTCAGTGAATCATCGAATCTTTGAACGCACATTGCGCCCACTAGTATTCTGGTGGGCATGCCTGTTCGAGCGTCATTTCAACCCTTAAGCCCCTGTTGCTTAGCGTTAGGAGCCTACCGGAACTCTCTGGTAGCTCCCCAAAGTCAGTGGCGGAGCCGGTTCGCACTCCAGACGTAGTAGCTTTTACACGTCGCCTGTAGCGCGGGCCGGTCCCCTGCCATAAAACACCCCAATTTTTATAGGTTGACCTCGGATCAGGTAGGAATACCCGCTGAACTTAAGCATATCA
T26-L3-F23,W17-T26-L3,base,2.143,M26,Good,Nemania_serpens_gen1,TCGTTGGTGACCAGCGGAGGGATCATTACAGAGTTATCAAAACTCCCAAACCCATGTGAACATACCTCGCGTTGCCTCGGCAGGTGGCGTCTCGCCCCGTAAGAACCTACCCTGTAGGACCTTACCCGGTAGACGACCCTGCCGACGGCCCCCGAAACTCTGTTTTATAGCATTAAACTTCTGAAAATATAACTAAATAAGTTAAAACTTTCAACAACGGATCTCTTGGTTCTGGCATCGATGAAGAACGCAGCGAAATGCGATAAGTAATGTGAATTGCAGAATTCAGTGAATCATCGAATCTTTGAACGCACATTGCGCCCACTAGTATTCTGGTGGGCATGCCTGTTCGAGCGTCATTTCAACCCTTAAGCCCCTGTTGCTTAGCGTTAGGAGCCTACCGGAACTCTCTGGTAGCTCCCCAAAGTCAGTGGCGGAGCCGGTTCGCACTCCAGACGTAGTAGCTTTTACACGTCGCCTGTAGCGCGGGCCGGTCCCCTGCCGTAAAACACCCCAATTTTTATAGGTTGACCTCGGATCAGGTAGGAATACCCGCTGAACTTAAGCATATCAATA
T26-L3-F7,W17-T26-L3,tip,1.929,M26,Good,Nemania_serpens_gen2,GTCTCGTTGGTGACCAGCGGAGGGATCATTACAGAGTTATCAAAACTCCCAAACCCATGTGAACATACCTCGCGTTGCCTCGGCAGGTGGCGTCTCGCCCCGTAAGAACCTACCCTGTAGGACCTTACCCGGTAGACGACCCTGCCGACGGCCCCCGAAACTCTGTTTTATAGCATTAAACTTCTGAAAACATAACTAAATAAGTTAAAACTTTCAACAACGGATCTCTTGGTTCTGGCATCGATGAAGAACGCAGCGAAATGCGATAAGTAATGTGAATTGCAGAATTCAGTGAATCATCGAATCTTTGAACGCACATTGCGCCCACTAGTATTCTGGTGGGCATGCCTGTTCGAGCGTCATTTCAACCCTTAAGCCCCTGTTGCTTAGCGTTAGGAGCCTACCGGAACTCTCTGGTAGCTCCCCAAAGTCAGTGGCGGAGCCGGTTCGCACTCCAGACGTAGTAGCTTTTACACGTCGCCTGTAGCGCGGGCCGGTCCCCTGCCATAAAACACCCCAATTTTTATAGGTTGACCTCGGATCAGGTAGGAATACCCGCTGAACTTAAGCATATCAATAAGCGGAGGAA
T26-L3-F8,W17-T26-L3,tip,1.143,M17,Good,Nemania_serpens_gen2,TCGTTTGGTGACCAGCGGAGGGATCATTACAGAGTTATCAAAACTCCCAAACCCATGTGAACATACCTCGCGTTGCCTCGGCAGGTGGCGTCTCGCCCCGTAAGAACCTACCCTGTAGGACCTTACCCGGTAGACGACCCTGCCGACGGCCCCCGAAACTCTGTTTTATAGCATTAAACTTCTGAAAACATAACTAAATAAGTTAAAACTTTCAACAACGGATCTCTTGGTTCTGGCATCGATGAAGAACGCAGCGAAATGCGATAAGTAATGTGAATTGCAGAATTCAGTGAATCATCGAATCTTTGAACGCACATTGCGCCCACTAGTATTCTGGTGGGCATGCCTGTTCGAGCGTCATTTCAACCCTTAAGCCCCTGTTGCTTAGCGTTAGGAGCCTACCGGAACTCTCTGGTAGCTCCCCAAAGTCAGTGGCGGAGCCGGTTCGCACTCCAGACGTAGTAGCTTTTACACGTCGCCTGTAGCGCGGGCCGGTCCCCTGCCATAAAACACCCCAATTTTTATAGGTTGACCTCGGATCAGGTAGGAATACCCGCTGAACTTAAGCATATCAATAAGGCGGGAGGAAA
T26-L3-F6,W17-T26-L3,tip,2.679,M5,Poor,,
T27-L1-F13,W17-T27-L1,base,1.3,,Did not sequence,,
T27-L1-F16,W17-T27-L1,base,5,M9,Poor,,
T27-L2-F2,W17-T27-L2,tip,1.43,M19,Acceptable,Pezizomycetes_sp2,AGGTGACCTGCGGAAGGATCATTACTGAATAACTAAATCTTTAGTTCTTCATACCCCATTGTTGACTTACCCATGTTGCTTCCACGTGGACAGGCGTTTATTCTGCCCTCTGGCTtGTTGTGCTAACCCACACTTGACAGGGAGTTGCCCGTGGTAAGACCCCAAATTTAACACTTGTTATATATACTATAATGTCTGAATAAATCATTTCAAATGAAATAAAACTTTCAACAACGGATCTCTAGGCTCTTGCATCGATGAAGAACGCAGTGAAATGCGATAAGTAATGTGAATTGCAGAATCTCGTGAATCATCGAATCTTTGAACGCACATTGCGCCCTATGGTATTCCGTAGGGCATGCCTGTCTGAGCGTCAGCTCCCCCCAACTCAAGCTTTTTTTTCTTATGGAAGGCAAGTTTGGATTACTTTGAAGGTGTAGCTTGCAAAGGCTGCTTTTCAGAAATTCATAGGCAGTATGGTTGTTCCTAGACCAGACGTAATAATAATAAAACCGTCTTTTTGGGAAAGAATCGTGCTTGCCTTAACCCACCCATTTTATTTTACTTGGGTGACCTCAGATCAGGTAGGGATACCCGCTGAACTTAAGCATATNNNNAACGGGGGNANAAAAAAAAAA
T27-L2-F23,W17-T27-L2,base,4.21,M21,Acceptable,Dothideomycetes_sp2,GtAGGTGACCTGCGGAAGGATCATTAAGGAGTTAAAAAGACGGCCTCGCTTCGGCGGACCGACTCTCCCAACCCTTTGTCTACCACAACCCCCCATTCTTCGGCGTGTGGTGCGGGCGGCGCTAGGGGCCTAAACCCCCCTATCGCCTCCCGCCTGCCGCCGGCAGTTACAAAACCTCTCGCTGTAAACAGTGCCGTCTGAGCGTCTTTTTACAAAAAGAAAATAAAAACTTTCAACAACGGATCTCTTGGTTCTGGCATCGATGAAGAACGCAGCGAAATGCGATAAGTAATGTGAATTGCAGAATTCAGTGAATCATCGAATCTTTGAACGCACATTGCGCCCTCTGGTATTCCGGAGGGCACACCTGTTCGAGCGCTAGTTATACACATTCAAGCCTTGCTTGGTGCTGGGGAACCCGTCCTCTCTTCTGTAGGGCGGGGCTCCGAAACTCATGGGCGCCGCCGTCCGGCTCCGAGCGTAGCAAGCGAAAGCCCTCGCTCTGGAATCGTCGGATCGGTGGCCGCCGGTAAATCCGCGAAGGCCCTCGTCAAAAGGGGCCTCCGTCATACCACGACTTTAGCCTCGGATCAGGTGGGGATACCCGCTGAACTTAAGCATATCAATAAACgGGGANNAAAA
T27-L2-F9,W17-T27-L2,tip,2,,Did not sequence,,
T32-L1-F24,W17-T32-L1,base,2,M26,Did not sequence,Nemania_serpens_gen1,
T32-L1-F12,W17-T32-L1,tip,1.178571429,M29,Good,Sordariomycetes_sp5_gen2,CTCCGTTGGTGACCAGCGGAGGGATCATTACAAGAAGCCGAAAGGACTTCAAACCATCGCGAACTCGTCCAAGTTGCTTCGGCGGCGCGGCTCCCCTAACAGGGCGCCGCAGCCCCGCCTCCCCGGAGGTGAGGGGCGCCCGCCGGAGGTATCAAACCCTTCTGTATTATAGTGGCATCTCTGAGTAAAAACAAACAAGTTAAAACTTTCAACAACGGATCTCTTGGTTCTGGCATCGATGAAGAACGCAGCGAAATGCGATAAGTAATGTGAATTGCAGAATTCAGTGAATCATCGAATCTTTGAACGCACATTGCGCCCGCTAGTACTCTAGCGGGCATGCCTGTTCGAGCGTCATTTCAACCCTCAAGCCCTGCTTGGTGTTGGGGCCCTACGGCTGCCGTAGGCCCTGAAAGGAAGTGGCGGGCTCGCTGCAACTCCGAGCGTAGTAATTCATTATCTCGCTAGGGAGGCGCGGCGCGCTCCTGCCGTTAAAGACCCCATCTTTAACCAAGGTTGACCTCGGATCAGGTAGGAATACCCGCTGAACTTAAGCATATCA
T32-L2-F16,W17-T32-L2,base,0.625,M6,Did not sequence,,
T32-L2-F6,W17-T32-L2,tip,0.5,,Did not sequence,,
T32-L2-F7,W17-T32-L2,tip,1.75,M25,Did not sequence,,
T32-L2-F19,W17-T32-L2,base,2.952380952,M11,Good,Xylaria_sp1,CGTTTGGTGACCAGCGGAGGGATCATTAAAGAGTTTACACAACTCCTAAACCCATGTGAACTTACCTTTTGTTGCCTCGGCAGGTCGCGTTTACCCTGTGAGGGCCTACCCTGTAGGCTCTTACCTGGTGGACGCGGGCTCCCCTGCCGGCGGCCCGTTAAATTCTGTTTATTATATTATTTCTGAATCTATAACTAAATAAGTTAAAACTTTCAACAACGGATCTCTTGGTTCTGGCATCGATGAAGAACGCAGCGAAATGCGATAAGTAATGTGAATTGCAGAATTCAGTGAATCATCGAATCTTTGAACGCACATTGCGCCCATTAGTATTCTAGTGGGCATGCCTGTTCGAGCGTCATTTCAACCCTTAAGCCTCTGTTGCTTAGTGTTGGGAGCCTACAGCCCTCTGTAGCTCCCCAAAGTTAGTGGCGGAGTCGGTTCACACTCTAGACGTAGTAAATTTTTATCTCGCCTATAGATGAGCCGGCGCCTTGCCGTAAAACCCCCTAATTTTTCACAAGGTTGACCTCGGATCAGGTAGGAATACCCGCTGAACTTAAGCATATCAAACGGAAGGAA
T32-L3-F3,W17-T32-L3,tip,2.476190476,M3A,Did not sequence,Cladosporium_sp1,
T32-L3-F13,W17-T32-L3,base,2.666666667,M26,Good,Nemania_serpens_gen1,CTCCGTTGGTGACCAGCGGAGGGATCATTACAGAGTTATCAAAACTCCCAAACCCATGTGAACATACCTCGCGTTGCCTCGGCAGGTGGCGTCTCGCCCCGTAAGAACCTACCCTGTAGGACCTTACCCGGTAGACGACCCTGCCGACGGCCCCCGAAACTCTGTTTTATAGCATTAAACTTCTGAAAATATAACTAAATAAGTTAAAACTTTCAACAACGGATCTCTTGGTTCTGGCATCGATGAAGAACGCAGCGAAATGCGATAAGTAATGTGAATTGCAGAATTCAGTGAATCATCGAATCTTTGAACGCACATTGCGCCCACTAGTATTCTGGTGGGCATGCCTGTTCGAGCGTCATTTCAACCCTTAAGCCCCTGTTGCTTAGCGTTAGGAGCCTACCGGAACTCTCTGGTAGCTCCCCAAAGTCAGTGGCGGAGCCGGTTCGCACTCCAGACGTAGTAGCTTTTACACGTCGCCTGTAGCGCGGGCCGGTCCCCTGCCGTAAAACACCCCAATTTTTATAGGTTGACCTCGGATCAGGTAGGAATACCCGCTGAACTTAAGCATATCAATAAGGCGGGAGGAA
T32-L3-F17,W17-T32-L3,base,2.571428571,M3A,Good,Cladosporium_sp1,TCCGTAGGTGACCTGCGGAGGGATCATTACAAGTGACCCCGGTCTTACCACCGGGATGTTCATAACCCTTTGTTGTCCGACTCTGTTGCCTCCGGGGCGACCCTGCCTTCGGGCGGGGGCTCCGGGTGGACACTTCAAACTCTTGCGTAACTTTGCAGTCTGAGTAAACTTAATTAATAAATTAAAACTTTTAACAACGGATCTCTTGGTTCTGGCATCGATGAAGAACGCAGCGAAATGCGATAAGTAATGTGAATTGCAGAATTCAGTGAATCATCGAATCTTTGAACGCACATTGCGCCCCCTGGTATTCCGGGGGGCATGCCTGTTCGAGCGTCATTTCACCACTCAAGCCTCGCTTGGTATTGGGCAACGCGGTCCGCCGCGTGCCTCAAATCGACCGGCTGGGTCTTCTGTCCCCTAAGCGTTGTGGAAACTATTCGCTAAAGGGTGTTCGGGAGGCTACGCCGTAAAACAACCCCATTTCTAAGGTTGACCTCGGATCAGGTAGGGATACCCGCTGAACTTAAGCATATCGAGA
T36-L1-F12,W17-T36-L1,tip,,M23,Poor,,
T36-L2-F5,W17-T36-L2,tip,0.9,,Did not sequence,,
T36-L2-F21,W17-T36-L2,base,1.071428571,M1,Good,Pezizomycetes_sp2,CCGTTGGTGACCTGCGGAAGGATCATTACTGAATAACTAAATCTTTAGTTCTTCATACCCCATTGTTGACTTACCCATGTTGCTTCCACGTGGACAGGTGTTTATTCTGCCCTCTGGCTTGTTGTGCTAACCCACACTTGACAGGGAGTTGCCCGTGGTAAGACCCCAAATTTAACACTTGTTATATATACTATAATGTCTGAATAAATCATTTCAAATGAAATAAAACTTTCAACAACGGATCTCTAGGCTCTTGCATCGATGAAGAACGCAGTGAAATGCGATAAGTAATGTGAATTGCAGAATCTCGTGAATCATCGAATCTTTGAACGCACATTGCGCCCTATGGTATTCCGTAGGGCATGCCTGTCTGAGCGTCAGCTCCCCCCAACTCAAGCTTTTTTTTCTTATGGAAGGCAAGTTTGGATTACTTTGAAGGTGTAGCTTGCAAAGGCTGCTTTTCAGAAATTCATAGGCAGTATGGTTGTTCCTAGACCAGACGTAATAATAATAAAACCGTCTTTTTGGGAAAGAATCGTGCTTGCCTTAACCCACCCATTTTATTTTACTTGGGTGACCTCAGATCAGGTAGGGATACCCGCTGAACTTAAGCATATCAATAAGCGGAGGAAT
T36-L2-F7,W17-T36-L2,tip,1.035714286,M37D,Good,Sordariomycetes_sp5_gen1,TGGGTCTCCGTTGGGTGACCAGCGGAGGGATCATTACAAGAAGCCGAAAGGCTACTTCAAACCATCGCGAACTCGTCCAAGTTGCTTCGGCGGCGCGGCTCCCCCAACGGGGCGCCGCAGCCCCGCCTCCCCGGAGGTGAGGGGCGCCCGCCGGAGGTATCAAACCCTTCTGTATTATAGTGGCATCTCTGAGTAAAAACAACAAGTTAAAACTTTCAACAACGGATCTCTTGGCTCTGGCATCGATGAAGAACGCAGCGAAATGCGATAAGTAATGTGAATTGCAGAATTCAGTGAATCATCGAATCTTTGAACGCACATTGCGCCCGCTAGTACTCTAGCGGGCATGCCTGTTCGAGCGTCATTTCAACCCTCAAGCCCTGCTTGGTGTTGGGGCCCTACGGCTGCCGTAGGCCCTGAAAGGAAGTGGCGGGCTCGCTGCAACTCCGAGCGTAGTAATTCATTATCTCGCTAGGGAGGCGCGGCGCGCTCCTGCCGTTAAAGACCCCATCTTTAACCAAGGTTGACCTCGGATCAGGTAGGAATACCCGCTGAACTTAAGCATATCAATAAGCGGAGNA-----------------------------------------------------------------------
T36-L3-F15,W17-T36-L3,base,,M19,Good,Peziza_sp1,GTTCGTAGGTGACCTGCGGAAGGATCATTAATGAAAATTGCTATTTTCATCGGCCTATCTATACCCCATTGTCTACATACCATGTTGCTTCCACTGAACAGGCTACCTCTTAATGAGGCGGCCCTCTGGCTATGGCTAGGGAGTTTTAGTGGCAAGCCAAAACTAAAACCTGAACCTGAATATTGTTATCAAGTCTGAATCTTTATAATTTTTATAAAACTTTCAACAACGGATCTCTAGGCTCTTGCATCGATGAAGAACGCAGCAAAATGCGATACGTAATGCGAATTGCAGATTCTCGTGAGTCATTGAATTTTTGAACGCATATTGCGCCTTATGGTATTCCATAAGGCATGCCTGTCTGAGCGTCAGCTCCCCCCCTCTCAAGCATTTTGCTTGGATTACTTTGGAAAAGCTGTTTATTTTCAAGCAGCCTTCTACAATGACATAGGCAGTATGGATCTTTCTAGACTGAACGTAATAATTAAACCTGTCGCGTTTGTCTTGGGGCTCTTGTACTTGCCTTCAACCCACTCAATTTTTTTTGGGTGACCTCAGATCAGGTAGGGATACCCGCTGAACTTAAGCATACATA---------------------------------------------------
T36-L3-F17,W17-T36-L3,base,1.9,M33,Good,Pezizomycetes_sp2,TTTCCGTAAGGTGACCTGCGGAGGGATCATTACTGAATAACTAAATCTTTAGTTCTTCATACCCCATTGTTGACTTACCCATGTTGCTTCCACGTGGACAGGCGTTTATTCTGCCCTCTGGCTTGTTGTGCTAACCCACACTTGACAGGGAGTTGCCCGTGGTAAGACCCCAAATTTAACACTTGTTATATATACTATAATGTCTGAATAAATCATTTCAAATGAAATAAAACTTTCAACAACGGATCTCTAGGCTCTTGCATCGATGAAGAACGCAGTGAAATGCGATAAGTAATGTGAATTGCAGAATCTCGTGAATCATCGAATCTTTGAACGCACATTGCGCCCTATGGTATTCCGTAGGGCATGCCTGTCTGAGCGTCAGCTCCCCCCAACTCAAGCTTTTTTTTCTTATGGAAGGCAAGTTTGGATTACTTTGAAGGTGTAGCTTGCAAAGGCTGCTTTTCAGAAATTCATAGGCAGTATGGTTGTTCCTAGACCAGACGTAATAATAATAAAACCGTCTTTTTGGGAAAGAATCGTGCTTGCCTTAACCCACCCATTTTATTTTACTTGGGTGACCTCAGATCAGGTAGGGATACCCGCTGAACTTAAGCATATCTA
T38-L1-F2,W17-T38-L1,base,4.3,M26,Good,Nemania_serpens_gen1,CTCGTTGGTGACCAGCGGAGGGATCATTACAGAGTTATAAAACTCCCAAACCCATGTGAACATACCTCGCGTTGCCTCGGCAGGTGGCGTCTCGCCCCGTAAGAACCTACCCTGTAGGACCTTACCCGGTAGACGACCCTGCCGACGGCCCCCGAAACTCTGTTTTATAGCATTAAACTTCTGAAAATATAACTAAATAAGTTAAAACTTTCAACAACGGATCTCTTGGTTCTGGCATCGATGAAGAACGCAGCGAAATGCGATAAGTAATGTGAATTGCAGAATTCAGTGAATCATCGAATCTTTGAACGCACATTGCGCCCACTAGTATTCTGGTGGGCATGCCTGTTCGAGCGTCATTTCAACCCTTAAGCCCCTGTTGCTTAGCGTTAGGAGCCTACCGGAACTCTCTGGTAGCTCCCCAAAGTCAGTGGCGGAGCCGGTTCGCACTCCAGACGTAGTAGCTTTTACACGTCGCCTGTAGCGCGGGCCGGTCCCCTGCCGTAAAACACCCCAATTTTTATAGGTTGACCTCGGATCAGGTAGGAATACCCGCTGAACTTAAGCATATCAAT
T38-L3-F3,W17-T38-L3,base,1.3,,Did not sequence,,
T27-L3-F3,W17-T3-L3,tip,7.4,M33,Did not sequence,,
T42-L3-F10,W17-T42-L3,base,2.07,M24,Did not sequence,,
T42-L3-F12,W17-T42-L3,base,1.178571429,M17,Did not sequence,Sordariomycetes_sp1_gen3,TACCCGTCAGCGTTGCCTCGGCGGGCGGCCCCTCCCTGGGGCCGCTGCCTCCCTCGCGGGGGGTGCCCGCCGGCGTACGAAAACTCTTTTGTATTTTAGTGGCCTCTCTGAGAAAACAAGCAAATAAGTTAAAACTTTCAACAACGGATCTCTTGGTTCTGGCATCGATGAAGAACGCAGCGAAATGCGATAAGTAATGTGAATTGCAGAATTCAGTGAATCATCGAATCTTTGAACGCACATTGCGCCCGCTAGTACTCTAGCGGGCATGCCTGTTCGAGCGTCATTTCAACCCTCAAGCCCTGCTTGGTGTTGGGGTCCTACGGCTGCCGTAGGCCCTGAAAACTAGTGGCGGGCTCGCTATAACTCCGAGCGTAGTAGTAAAATATCTCGCTAGGGAGGTGTCGCGGGTTCCGGCCGTGAAAGCCCCATCTTTTACACAAGGTTGACCTCGGATCAGGTAGGAATACCCGCTGAACTTAAGCATATCA
T42-L3-F15,W17-T42-L3,tip,5.714285714,M7,Good,Pezizomycetes_sp2,CGTAGGTGA-CCTGCGGAAGGATCATTACTGAATAACTAAA-TCTTTAGTTCTTCATACCCCATTGTTGACTTACCCATGTTGCTTCCACGTGGACAGGCGTTTATTCTGCCCTCTGGCTTGTTGTGCTAA-CCCACACTTGACAGGGAGTTGCCCGTGGTAAGACCCCAAATTTAACACTTGTTATATATACTATAATGTCTGAATAAATCATTTCAAATGAAATAAAACTTTCAACAACGGATCTCTAGGC
T42-L3-F8,W17-T42-L3,base,2,M24,Good,Nemania_serpens_gen2,TCCGTTGGTGA-CCAGCGGAGGGATCATTACAGAGTTATCAAA-ACTCCCAAACCCATGTGAACATACCTCGCGTTGCCTCGGCAGGTGGCGTCTCGCCCCGTAAGAACCTACCCTGTAGGACCTTACCCGGTAGACGACCCTGCCGACGGCCCCCGAAACTCTGTTTTATAGCATTAAACTTCTGAAAACATAACTAAATAAGTTAAAACTTTCAACAACGGATCTCTTGGTTCTGGCATCGATGAAGAACGCAGCGAAATGCGATAAGTAATGTGAATTGCAGAATTCAGTGAATCATCGAATCTTTGAACGCACATTGCGCCCACTAGTATTCTGGTGGGCATGCCTGTTCGAGCGTCATTTCAACCCTTAAGCCCCTG-TTG-C-TTAGCGTTAGGAGCCTACCGGAACTCTCTGGTAGCTCCCCAAAGTCAGTGGCGGAGCCGGTTCGCACTCCAGACGTAGTAGCTTTTACACGTCGCCTGTAGCGCGGGCCGGT---CCCCTGCCATAAAACACCCCAATTTTTATAGGTTGACCTCGGATCAGGTAGGAATACCCGCTGAACTTAAGCATATCAATA-----------------------------------------------------------------------
T42-L3-F9,W17-T42-L3,base,1.7857,M4,Poor,,
T49-L1-F16,W17-T49-L1,base,,M33,Poor,,
T49-L1-F18,W17-T49-L1,base,0.595238095,M3C,Poor,,
T49-L1-F22,W17-T49-L1,base,0.535714286,M29,Poor,,
T49-L3-F19,W17-T49-L3,base,2.619047619,M32A,Did not sequence,Pezizomycetes_sp1_gen2,aggtttCGTAGGTGACCTGCGGAAGGATCATTACTGAATAACTAAATCTTTAGTTTTTCATACCCCATTGTTGACTTACCCATGTTGCTTCCACGTGGACAGGCGTTCATTCTGCCCTCTGGCTTGTTGTGCTTACCCCACACTTGACAGGGAGTTGCCCGTGGTAAGACCCCAATATTACACTTGTTATATATACTATAATGTCTGAATAAATCATTTCAAATGAAATAAAACTTTCAACAACGGATCTCTAGGCTCTTGCATCGATGAAGAACGCAGTGAAATGCGATAAGTAATGTGAATTGCAGAATCTCGTGAATCATCGAATCTTTGAACGCACATTGCGCCCTATGGTATTCCGTAGGGCATGCCTGTCTGAGCGTCAGCTCCCCCCAACTCAAACTTTTGTTAGTTTGGATTACTTTGAAGGTGTAGCTTGTCAAAGCTGCTTTTCAGAAATTCATAGGCAGTATGGTTATTCCTAGACCAGACGTAATAATAATAAAACCGTCTTTTTGGGAAAGAATTGTGCTTGCCTCAACCCACCCATTATCTTTTTACTTGGGTGACCTCAgATCAGGTAGGGATACCCGCTGAACTTAAGCATATCAATAAGCCGGAGGAAA
T4-L1-F16,W17-T4-L1,tip,1.785714286,M20,Did not sequence,,
T4-L1-F18,W17-T4-L1,base,2.857142857,M2,Did not sequence,,
T4-L1-F7,W17-T4-L1,tip,1.785714286,M26,Did not sequence,,
T4-L1-F8,W17-T4-L1,tip,1.214285714,M4,Did not sequence,,
T4-L1-F17,W17-T4-L1,base,6.6,M33,Good,Pezizomycetes_sp1_gen2,CGTAGGTGA-CCTGCGGAAGGATCATTACTGAATAACTAAA-TCTTTAGTTTTTCATACCCCATTGTTGACTTACCCATGTTGCTTCCACGTGGACAGGCGTTCATTCTGCCCTCTGGCTTGTTGTGCTTACCCCACACTTGACAGGGAGTTGCCCGTGGTAAGACCCCAATATT-ACACTTGTTATATATACTATAATGTCTGAATAAATCATTTCAAATGAAATAAAACTTTCAACAACGGATCTCTAGGC
T4-L1-F22,W17-T4-L1,tip,2.035714286,M4,Good,Sordariomycetes_sp1_gen5,TGGGTGAACCAGCGGAGGGATCATTACAGAGTTCTAAAAGACTCCCAAAACCACTGTGAACG-------TTACCCGTCAGCGTTGCCTCGGCGGGCGGCCCCTCCCTGGGGCCGCTGCCTCCCTCGCGGGGGGTGCCCGCCGGCGTACGAAAACTCTTTTGTATTTTAGTGGCCTCTCTGAGAAAACA-AGC-AAATAAGTTAAAACTTTCAACAACGGATCTCTTGGTTCTGGCATCGATGAAGAACGCA
T4-L1-F15,W17-T4-L1,tip,5.714285714,M22,Poor,,
T4-L1-F23,W17-T4-L1,tip,1.321428571,M17,Poor,,
T4-L2-F14,W17-T4-L2,tip,1.892857143,M26,Did not sequence,Nemania_serpens_gen1,GCGGAGGGATCATTACAGAGTTATCAAAACTCCCAAACCCATGTGAACATACCTCGCGTTGCCTCGGCAGGTGGCGTCTCGCCCCGTAAGAACCTACCCTGTAGGACCTTACCCGGTAGACGACCCTGCCGACGGCCCCCGAAACTCTGTTTTATAGCATTAAACTTCTGAAAATATAACTAAATAAGTTAAAACTTTCAACAACGGATCTCTTGGTTCTGGCATCGATGAAGAACGCAGCGAAATGCGATAAGTAATGTGAATTGCAGAATTCAGTGAATCATCGAATCTTTGAACGCACATTGCGCCCACTAGTATTCTGGTGGGCATGCCTGTTCGAGCGTCATTTCAACCCTTAAGCCCCTGTTGCTTAGCGTTAGGAGCCTACCGGAACTCTCTGGTAGCTCCCCAAAGTCAGTGGCGGAGCCGGTTCGCACTCCAGACGTAGTAGCTTTTACACGTCGCCTGTAGCGCGGGCCGGTCCCCTGCCGTAAAACACCCCAATTTTTATAGGTTGACCTCGGATCAGGTAGGAATACCCGCTGAACTTAAGCATATCAATAAGCCGGAG
T4-L2-F16,W17-T4-L2,base,1.142857143,M24,Did not sequence,,
T4-L2-F18,W17-T4-L2,base,2.857142857,M27,Did not sequence,,
T4-L2-F2,W17-T4-L2,tip,1.142857143,M36,Did not sequence,,
T4-L2-F13,W17-T4-L2,base,3.2,M7,Good,Pezizomycetes_sp2,CGTAGGTGA-CCTGCGGAAGGATCATTACTGAATAACTAAA-TCTTTAGTTCTTCATACCCCATTGTTGACTTACCCATGTTGCTTCCACGTGGACAGGCGTTTATTCTGCCCTCTGGCTTGTTGTGCTAACCCACACTTGACAGGGAGTTGCCCGTGGTAAGACCCCAAATTTAACACTTGTTATATATACTATAATGTCTGAATAAATCATTTCAAATGAAATAAAACTTTCAACAACGGATCTCTAGGCT
T4-L2-F15,W17-T4-L2,base,0.5,M20,Good,Chaetomium_sp1,TGCAAAACTCCCACAAACCATCGCGAACGATACCCGTAACCGTTGCCTCGGCGGCGTGGGCCCCTCGGGGTCGCCCGCCGGCGGTACCTAAAACTCTGTTTTTATAGGCCTCTCTGAGTAACTTATCAAATAAGTCAAAACTTTTAACAACGGATCTCTTGGTTCTGGCATCGATGAAGAACGCAGCGAAATGCGATAAGTAATGTGAATTGCAGAATTCAGTGAATCATCGAATCTTTGAACGCACATTGCGCCCGCCAGTATTCTGGCGGGCATGCCTGTTCGAGCGTCATTTCAACCATCAAGCCCCCGGGCTTGCGTTGGGACCCTGCGGCTGCCGCAGACCCCTAAAACCAGTGGCGGGCTTGTTGTCACACCGAGCGCAGTAGTAATATCTCGCTTTGGTCGCGGCGGCGGGCGCTTGCCGTAAAACACCCCACATATCAAGGTTGACCTCGGATCAGGTAGGAATACCCGCTGAACTTAAGCATATCAATAAGCGGAGGAA
T4-L2-F20,W17-T4-L2,tip,4.714285714,M33,Good,Pezizomycetes_sp2,CGTAGGTGA-CCTGCGGAAGGATCATTACTGAATAACTAAA-TCTTTAGTTCTTCATACCCCATTGTTGACTTACCCATGTTGCTTCCACGTGGACAGGCGTTTATTCTGCCCTCTGGCTTGTTGTGCTAA-CCCACACTTGACAGGGAGTTGCCCGTGGTAAGACCCCAAATTTAACACTTGTTATATATACTATAATGTCTGAATAAATCATTTCAAATGAAATAAAACTTTCAACAACGGATCTCTAGGC
T4-L2-F5,W17-T4-L2,tip,7.5,M15,Good,Peziza_varia,TTAACTCCACCCCTCCCTTGCTTCCACTGGTCAGTGTTGAGCCCTTCGTCTGACGTTGGGCAAGACCCTTCATGCGCTTCAAATTCTTGGAGTGGCTGGAGCGTGCCGGTGCTTGCCTTCCAAAAAAATAAAATACTTGAATATGAGAAATACTGTCTGAATCAAAAATTTTTATAAATCATTATAAAACTTTCAACAACGGATCTCTAGGCTCTTGCATCGATGAAGAACGCAGTGAAATGCGATACGTAATGTGAATTGCAGAATCTCGTGAATCATTGAATCTTTGAACGCACATTGCGCCCTATGGTATTCCGTAGGGCATGCCTGTCTGAGCGTCAGCTAGCCCCCCCACTCAAGCTCTTTTGCTTGGATTATTTCGGACGAGCAGTCTATTACTGATTGCTGCCCGTAAATTCATAGGCAGTATGGTTCCCTCATTCCAAGCTGAGCGTAATAATTAAAACAATCACGCTCATACATTGAAGTTGAGAATATCGTACTCGCCCTTAACCCACAATATTTTTTATTTGGGTGACCTCAGATCAGGTAGGGATACCCGCTGAACTTAAGCATATCAATA
T4-L2-F24,W17-T4-L2,tip,1.392857143,M26,Poor,,
T49-L1-F17,W17-T54-L1,base,1.428571429,M18,Acceptable,Nemania_serpens_gen2,CCCatctCGTTGGTGACCAGCGGAGGGATCATTACAGAGTTATCAAAACTCCCAAACCCATGTGAACATACCTCGCGTTGCCTCGGCAGGTGGCGTCTCGCCCCGTAAGAACCTACCCTGTAGGACCTTAGGTAGACGACCCTGCCGACGGCCCCCGAAACTCTGTTTTATAGCATTAAACTTCTGAAAACATAACTAAATAAGTTAAAACTTTCAACAACGGATCTCTTGGTTCTGGCATCGATGAAGAACGCAGCGAAATGCGATAAGTAATGTGAATTGCAGAATTCAGTGAATCATCGAATCTTTGAACGCACATTGCGCCCACTAGTATTCTGGTGGGCATGCCTGTTCGAGCGTCATTTCAACCCTTAAGCCCCTGTTGCTTAGCGTTAGGAGCCTACCGGAACTCTCTGGTAGCTCCCCAAAGTCAGTGGCGGAGCCGGTTCGCACTCCAGACGTAGTAGCTTTTACACGTCGCCTGTAGCGCGGGCCGGTCCCCTGCCATAAAACACCCCAATTTTTATAGGTTGACCTCGGATCAGGTAGGAATACCCGCTGAACTTAAGCATAtcaa
T54-L1-F13,W17-T54-L1,base,2.261904762,M24,Acceptable,Nemania_serpens_gen2,
T54-L1-F21,W17-T54-L1,base,7.4,M32B,Did not sequence,,
T54-L1-F16,W17-T54-L1,base,,M33,Good,Pezizacaea_sp1_gen2,AtAGTTTCCGTAGTGACCTGCGGAGGAtCATTACAAGTAAATACGTGTTCTCCGGAATATGCATTTTCAAACCCCTCTGTGTACCTTACCTGTTGCTTCCGTGCTGCGTGGATTTCGGTCCCCTCCCTTGCTGGAGTGCTGGCACGGCTAACAAAATTCTTGCATTTCATGTCATCTGTCTGAACTGTTAAATACAAAAAGTTAAAACTTTCAACAACGGATCTCTTGGTTCTCGCATCGATGAAGAACGCAGCGAAATGCGATAAGTAGTGTGAATTGCAGAATTCAGTGAATCATCGAATCTTTGAACGCACATTGCGCCTCCTGGTATTCCGGGAGGCATGCCTGTTCGAGCGTCATTAAAATCAACTCAAGCTCTTTTGCTTGGTCATGGAAGATGAGTCTGCCTAGCAGCCTCCCCTCCGAAATTCAATGGCGGAAGGTCACTGGTACCCGGCGTAGTATTAACGTTCGCTTTGTATCCAGAGTCGTTCCTGCTGTATAACCCCCTTTCTCGTGATTGACCTCGGATCAGGTAGGGATACCCGCTGAACTTAAGCATATCAATAAGCGGAGGAA
T54-L1-F15,W17-T54-L1,base,2.976190476,M30,Poor,,
T54-L2-F1,W17-T54-L2,tip,,M12,Did not sequence,,
T54-L2-F14,W17-T54-L2,base,2.857142857,M39,Good,Pleosporales_sp1,AgtTTCGTAGGTGACCTGCGGAAGGATCATTATCGTAGGGCTTCGGCCCTGTCGAGATAGAACCCTTGCCTTTTTGAGTACCTTTCGTTTCCTCGGCAGGCTCGCCTGCCAATGGGGACCACAAAAAAACACTTTGCAGTACCTGTAACAGTCTGAACAAACAAAACAAAAATTAAAACTTTCAACAACGGATCTCTTGGTTCTGGCATCGATGAAGAACGCAGCGAAATGCGATAAGTAGTGTGAATTGCAGAATTCAGTGAATCATCGAATCTTTGAACGCACATTGCGCCCTTTGGTATTCCTTAGGGCATGCCTGTTCGAGCGTCATTTAAACCTTCAAGCTAAGCTTGGTGTTGGGTGACTGTCCGCTTCACTGCGGACTCGCCTCAAAATTATTGGCGGCCGGTACATTGGCTTCGAGCGCAGCAGAAACGCGAACTCGGGCCCGTCGTATTGGCTCCCAGAAGCTATCTTCACAATTTTGACCTCGGATCAGGTAGGGATACCCGCTGAACTTAAGCATATCAATAAGCGGAGGAA
T54-L2-F4,W17-T54-L2,tip,2.142857143,M32A,Good,Pezizomycetes_sp1_gen1,gTCGTagTGACCTGCGGAGGATCATTACTGAATAACTAAATCTTTAGTTTTTCATACCCCATTGTTGACTTACCCATGTTGCTTCCACGTGGACAGGCGTTCATTCTGCCCTCTGGCTTGTTGTGCTTACCCCACACTTGACAGGGAGTTGCCCGTGGTAAGACCCCAATATTACACTTGTTATATATACTATAATGTCTGAATAAATCATTTCAAATGAAATAAAACTTTCAACAACGGATCTCTAGGCTCTTGCATCGATGAAAAACGCAATGAAATGCGATAAATAATGTGAATTGCAGAATCTCGTGAATCATCCAATCTTTGAACGCACATTGCGCCCTATGGTATTCCGTAGGGCATGCCTGTCTGAGCGTCATCTCCCCCCAACTCAAACTTTTGTTAGTTTGGATTACTTTGAAGGTGTAGCTTGTCAAAGCTGCTTTTCAGAAATTCATAGGCAGTATGGTTATTCCTAGACCAgACGTAATAATAATAAAACCGTCTTTTTGGGAAAGAATTGTGCTTGCCTCAACCCACCCATTATCTTTTTACTTGGGTGACCTCAgATCAaGTAGGGATACCCGCTGAtCTTAAgCATATCATaCATGCTCTAAGCGTAGTAATTTTGTTCTCGCTTCTGATGCTGCCCTGTATCCTGCCGTAAAACCCCTAAATTTTATTCTGGTTGACCTCGGATCAGTAGGAATACCCGCTGAACTTAAGCATATCATAAAACGGAGGA
T54-L2-F17,W17-T54-L2,base,3.095238095,M22,Poor,,
T54-L2-F21,W17-T54-L2,base,3.095238095,M32B,Poor,,
T54-L3-F4,W17-T54-L3,tip,2,M14,Acceptable,Sordariomycetes_sp1_gen1,tAGTctcCgtTTGGTGAACCAGCGGAGGGATCATTACAGAGTTCTAAAAGACTCCCAAAACCATTGTGAACGTTACCCGTCAGCGTTGCCTCGGCGGGCGGCCCCTCCCTGGGGCCGCTGCCTCCCTCGCGGGGGGTGCCCGCCGGCGTACGAAAACTCTTTTGTATTTTAGTGGCCTCTCTGAGAAAACAAGCAAATAAGTTAAAACTTTCAACAACGGATCTCTTGGTTCTGGCATCGATGAAGAACGCAGCGAAATGCGATAAGTAATGTGAATTGCAGAATTCAGTGAATCATCGAATCTTTGAACGCACATTGCGCCCGCTAGTACTCTAGCGGGCATGCCTGTTCGAGCGTCATTTCAACCCTCAAGCCCTGCTTGGTGTTGGGGTCCTACGGCTGCCGTAGGCCCTGAAAACTAGTGGCGGGCTCGCTATAACTCCGAGCGTAGTAGTAAAATATCTCGCTAGGGAGGTGTCGCGGGTTCCGGCCGTGAAAGCCCCATCTTTTACACAAGGTTGACCTCGGATCAGGTAGGAATACCCGCTGAACTTAAGCATATCAATAAGCGGAGGAA
T49-L3-F19,W17-T49-L3,base,2.619047619,M32A,Good,Chromelosporium_sp1_gen2,aggtttCGTAGGTGACCTGCGGAAGGATCATTACTGAATAACTAAATCTTTAGTTTTTCATACCCCATTGTTGACTTACCCATGTTGCTTCCACGTGGACAGGCGTTCATTCTGCCCTCTGGCTTGTTGTGCTTACCCCACACTTGACAGGGAGTTGCCCGTGGTAAGACCCCAATATTACACTTGTTATATATACTATAATGTCTGAATAAATCATTTCAAATGAAATAAAACTTTCAACAACGGATCTCTAGGCTCTTGCATCGATGAAGAACGCAGTGAAATGCGATAAGTAATGTGAATTGCAGAATCTCGTGAATCATCGAATCTTTGAACGCACATTGCGCCCTATGGTATTCCGTAGGGCATGCCTGTCTGAGCGTCAGCTCCCCCCAACTCAAACTTTTGTTAGTTTGGATTACTTTGAAGGTGTAGCTTGTCAAAGCTGCTTTTCAGAAATTCATAGGCAGTATGGTTATTCCTAGACCAGACGTAATAATAATAAAACCGTCTTTTTGGGAAAGAATTGTGCTTGCCTCAACCCACCCATTATCTTTTTACTTGGGTGACCTCAgATCAGGTAGGGATACCCGCTGAACTTAAGCATATCAATAAGCCGGAGGAAA
