"","IsolateID","LichenID","Thallus_location","Growth_rate_mm_day","MorphotypeID","Sequence_result","TaxonID","ITS_sequence"
"1","T15-L1-F11","W17-T15-L1","tip",8,"M8","Good","Nigrospora_sp1","AGGGGATCATTACAGAGTTATCCAACTCCCAAACCCATGTGAACTTATCTCTTTGTTGCCTCGGCGCAAGCTACCCGGGACCTCGCGCCCCGGGGGGCCCGCCGGCGGACAAACCAAACTCTGTTATCTTCGTTGATTATCTGAGTGTCTTATTTAATAAGTCAAAACTTTCAACAACGGATCTCTTGGTTCTGGCATCGATGAAGAACGCAGCGAAATGCGATAAGTAATGTGAATTGCAGAATTCAGTGAATCATCGAATCTTTGAACGCACATTGCGCCCATTAGTATTCTAGTGGGCATGCCTGTTCGAGCGTCATTTCAACCCCTAAGCACAGCTTATTGTTGGGACTCTACGGCTTCGTAGTTCCCCAAAGACATTGGCGGAGTGGCAGCAGTCCTCTGAGCGTAGTAATTCTTTATCTCGCTTTTGTTAGGCGCTGCCCCCCCGGCCGTAAAACCCCCAATTTTTTCTGGTTGACCTCGGATCAGGTAGGAATACCCGCTGAACTTAAGCATATCAtaNGCCCGGGAGGAAANN"
"2","T15-L1-F14","W17-T15-L1","base",1.714,"M6","Good","Peziza_arvernensis","TTTCGTAGGTGACCTGCGGAAGGATCATTAATGAAAAGTTCGTTTGAACCAATCATCACCCCATTGTTTACCTTACCACTGTTGCTTCCACTGGACGGGTCGACCCGTCAAAAGGTAGACCCTCTGACACCCGATCGGCCTTAAACAAGTCGCCTCGTTGTGCTGGGGAGTGCCGGTGGATAACCCACACCCAAAAAAAAAATACTTAAATATGATAAAAAACTGTCTGAACCAAATTTTTTATAAATCATTATAAAACTTTCAACAACGGATCTCTAGGCTCTTGCATCGATGAAAAACGCAGTGAAATGCGATACGTAATGTGAATTGCAAAATCTCGTGAATCATTGAATCTTTGAACGCACATTGCGCCTTATGGTATTCCATAAGGCATGCCTGTCTGAGCGTCAGCTCCCCCCCACTCAAGCTCTTTTGCTTGGATTATTTTGGACGAGCAGTCTTTATTTTTTGGATTGCTGCCCATAAATTCATAGGCAGTATGGTACTCATTCCAAGCTGAGCGTAATAATTAAAAAAATCACGCCCATATTGGTAGGACATCGTACTCGCCCTTAACCCACAAATTTTATTTTGGGTGACCTCAGATCAGGTAGGGATACCCGCTGAACTTAAGCATATCATA"
"3","T15-L1-F15","W17-T15-L1","base",4.286,"M12","Good","Sordariomycetes_sp1_gen1","CTCCGTTGGTGAACCAGCGGAGGGATCATTACAGAGTTCTAAAAGACTCCCAAAACCATTGTGAACGTTACCCGTCAGCGTTGCCTCGGCGGGCGGCCCCTCCCTGGGGCCGCTGCCTCCCTCGCGGGGGGTGCCCGCCGGCGTACGAAAACTCTTTTGTATTTTAGTGGCCTCTCTGAGAAAACAAGCAAATAAGTTAAAACTTTCAACAACGGATCTCTTGGTTCTGGCATCGATGAAGAACGCAGCGAAATGCGATAAGTAATGTGAATTGCAGAATTCAGTGAATCATCGAATCTTTGAACGCACATTGCGCCCGCTAGTACTCTAGCGGGCATGCCTGTTCGAGCGTCATTTCAACCCTCAAGCCCTGCTTGGTGTTGGGGTCCTACGGCTGCCGTAGGCCCTGAAAACTAGTGGCGGGCTCGCTATAACTCCGAGCGTAGTAGTAAAATATCTCGCTAGGGAGGTGTCGCGGGTTCCGGCCGTGAAAGCCCCATCTTTTACACAAGGTTGACCTCGGATCAGGTAGGAATACCCGCTGAACTTAAGCATATCAATAAGCGGAGGAAG"
"4","T15-L1-F16","W17-T15-L1","base",1.429,"M26","Good","Sordariomycetes_sp1_gen4","CTCCGTTGGTGACCAGCGGAGGGATCATTACAGAGTTCTAAAAGACTCCCAAAACCACTGTGAACGTTACCCGTCAGCGTTGCCTCGGCGGGCGGCCCCTCCCTGGGGCCGCTGCCTCCCTCGCGGGGGGTGCCCGCCGGTGTACGAAAACTCTTTTGTATTTTAGTGGCCTCTCTGAAAAAACAAGCAAATAAGTTAAAACTTTCAACAACGGATCTCTTGGTTCTGGCATCGATGAAGAACGCAGCGAAATGCGATAAGTAATGTGAATTGCAGAATTCAGTGAATCATCGAATCTTTGAACGCACATTGCGCCCGCTAGTACTCTAACGGGCATGCCTGTTCGAGCGTCATTTCAACCCTCAAGCCCTGCTTGGTGTTGGGGTCCTACGGCTGCCGTAAGCCCTGAAAACTAGTGGCGGGCTCGCTATAACTCCGAGCGTAGTAGTAACATATCTCGCTAGGGAGGTGTCGCGGGTTCCGGCCGTGAAAGCCCCATCTTTTACACAAGGTTGACCTCGGATCAGGTAGGAATACCCGCTGAACTTAAGCATATCAATAAGCGGAGGAA"
"5","T15-L1-F18","W17-T15-L1","base",1.786,"M26","Good","Nemania_serpens_gen1","CTCCGTTGGTGAACCAGCGGAGGGATCATTACAGAGTTATCAAAACTCCCAAACCCATGTGAACATACCTCGCGTTGCCTCGGCAGGTGGCGTCTCGCCCCGTAAGAACCTACCCTGTAGGACCTTACCCGGTAGACGACCCTGCCGACGGCCCCCGAAACTCTGTTTTATAGCATTAAACTTCTGAAAATATAACTAAATAAGTTAAAACTTTCAACAACGGATCTCTTGGTTCTGGCATCGATGAAGAACGCAGCGAAATGCGATAAGTAATGTGAATTGCAGAATTCAGTGAATCATCGAATCTTTGAACGCACATTGCGCCCACTAGTATTCTGGTGGGCATGCCTGTTCGAGCGTCATTTCAACCCTTAAGCCCCTGTTGCTTAGCGTTAGGAGCCTACCGGAACTCTCTGGTAGCTCCCCAAAGTCAGTGGCGGAGCCGGTTCGCACTCCAGACGTAGTAGCTTTTACACGTCGCCTGTAGCGCGGGCCGGTCCCCTGCCGTAAAACACCCCAATTTTTATAGGTTGACCTCGGATCAGGTAGGAATACCCGCTGAACTTAAGCATATCAATAG"
"6","T15-L1-F22","W17-T15-L1","base",11.75,"M32B","Good","Pezizomycetes_sp5","TTgtNTNCCtAGGAATATGCATTTTCAAACCCCTCTGTGTACCTTACCTGTTGCTTCCGTGCTGCGTGGACTTCGGTCCCCTCCCTCGCTGGAGTGCCGGCACGGCTAACAAAACTCATGCATTTCATGTCATCTGTCTGAACTGATAAATACAAAAAGTTAAAACTTTCAACAACGGATCTCTTGGTTCTCGCATCGATGAAGAACGCAGCGAAATGCGATAAGTAGTGTGAATTGCAGAATTCAGTGAATCATCGAATCTTTGAACGCACATTGCGCCTCCTGGTATTCCGGGAGGCATGCCTGTTCGAGCGTCATTAAAATCAACTCAAGCTCATTTGCTTGGTCATGGAAGAAGAGTCTGCATCGCAGCCTCCCCTCCGAAATCCAATGGCGGAAGGTCACTGGTGCCCGGCGTAGTATTAACGTTCGCTGTGTACCCAGAGTCTTTCCTGCCCAACAACCCCCTTTCTCGTGATTGACCTCGGATCAGGTAGGGATACCCGCTGAACTTAAGCATATCaNANNNCGGGANGAAANNN"
"7","T15-L1-F13","W17-T15-L1","base",3.857,"M12","","Sordariomycetes_sp1_gen1",""
"8","T15-L1-F24","W17-T15-L1","base",1.262,"M26","","Nemania_serpens_gen1",""
"9","T24-L1-F6","W17-T24-L1","base",NA,"M23","Did not sequence","",""
"10","T24-L1-F11","W17-T24-L1","tip",0.178571429,"M3B","Good","Cladosporium_sp1","CTCGTAGGTGACCTGCGGAGGGATCATTACAAGTGACCCCGGTCTTACCACCGGGATGTTCATAACCCTTTGTTGTCCGACTCTGTTGCCTCCGGGGCGACCCTGCCTTCGGGCGGGGGCTCCGGGTGGACACTTCAAACTCTTGCGTAACTTTGCAGTCTGAGTAAACTTAATTAATAAATTAAAACTTTTAACAACGGATCTCTTGGTTCTGGCATCGATGAAGAACGCAGCGAAATGCGATAAGTAATGTGAATTGCAGAATTCAGTGAATCATCGAATCTTTGAACGCACATTGCGCCCCCTGGTATTCCGGGGGGCATGCCTGTTCGAGCGTCATTTCACCACTCAAGCCTCGCTTGGTATTGGGCAACGCGGTCCGCCGCGTGCCTCAAATCGACCGGCTGGGTCTTCTGTCCCCTAAGCGTTGTGGAAACTATTCGCTAAAGGGTGTTCGGGAGGCTACGCCGTAAAACAACCCCATTTCTAAGGTTGACCTCGGATCAGGTAGGGATACCCGCTGAACTTAAGCATATCATA"
"11","T24-L1-F13","W17-T24-L1","base",1.142857143,"M26","Good","Nemania_serpens_gen2","TTGTCTCGTTGGTGACCAGCGGAGGGATCATTACAGAGTTATCAAAACTCCCAAACCCATGTGAACATACCTCGCGTTGCCTCGGCAGGTGGCGTCTCGCCCCGTAAGAACCTACCCTGTAGGACCTTACCCGGTAGACGACCCTGCCGACGGCCCCCGAAACTCTGTTTTATAGCATTAAACTTCTGAAAACATAACTAAATAAGTTAAAACTTTCAACAACGGATCTCTTGGTTCTGGCATCGATGAAGAACGCAGCGAAATGCGATAAGTAATGTGAATTGCAGAATTCAGTGAATCATCGAATCTTTGAACGCACATTGCGCCCACTAGTATTCTGGTGGGCATGCCTGTTCGAGCGTCATTTCAACCCTTAAGCCCCTGTTGCTTAGCGTTAGGAGCCTACCGGAACTCTCTGGTAGCTCCCCAAAGTCAGTGGCGGAGCCGGTTCGCACTCCAGACGTAGTAGCTTTTACACGTCGCCTGTAGCGCGGGCCGGTCCCCTGCCATAAAACACCCCAATTTTTATAGGTTGACCTCGGATCAGGTAGGAATACCCGCTGAACTTAAGCATATCATA---------------------------------------------------------------------"
"12","T24-L1-F17","W17-T24-L1","base",0.928571429,"M37F","Good","Sordariomycetes_sp5_gen1","TCTCGTTGGTGACCAGCGGAGGGATCATTACAAGAAGCCGAAAGGCTACTTCAAACCATCGCGAACTCGTCCAAGTTGCTTCGGCGGCGCGGCTCCCCCAACGGGGCGCCGCAGCCCCGCCTCCCCGGAGGTGAGGGGCGCCCGCCGGAGGTATCAAACCCTTCTGTATTATAGTGGCATCTCTGAGTAAAACAAACAAGTTAAAACTTTCAACAACGGATCTCTTGGCTCTGGCATCGATGAAGAACGCAGCGAAATGCGATAAGTAATGTGAATTGCAGAATTCAGTGAATCATCGAATCTTTGAACGCACATTGCGCCCGCTAGTACTCTAGCGGGCATGCCTGTTCGAGCGTCATTTCAACCCTCAAGCCCTGCTTGGTGTTGGGGCCCTACGGCTGCCGTAGGCCCTGAAAGGAAGTGGCGGGCTCGCTGCAACTCCGAGCGTAGTAATTCATTATCTCGCTAGGGAGGCGCGGCGCGCTCCTGCCGTTAAAGACCCCATCTTTAACCAAGGTTGACCTCGGATCAGGTAGGAATACCCGCTGAACTTAAGCATATCATA"
"13","T24-L1-F8","W17-T24-L1","tip",1.214285714,"M37C","Good","Xylariaceae_sp1","AAGGGTCTCGTTGGTGACCAGCGGAGGGATCATTACCGAGTTGTCCTCCGTGACACTCCCTTTATACCCCATGTGAACATACCGTCGTTGCCTCGGCGGGCGTTAATGCTACGCCCGCCGGCGGCCCACCAAACCAAATTCTGTCAACTTGAAAACCAATTCTGAACCTATAACAAATTATGTTAAAACTTTCAACAACGGATCTCTTGGTTCTGGCATCGATGAAGAACGCAGCGAAATGCGATACGTAATGTGAATTGCAGAATTCAGTGAATCATCGAATCTTTGAACGCACATTGCGCCCGCTGGTATTCCAGCGGGCATGCCTGTTCGAGCGTCATTTCAACCCTTAAGCCCTTGTTGCTTAGCGTTGGGAGACCACCCCGCCTTGCCGCGGCGGTGGCTCCCTAAAGCGAGTGGCGGAGCCGGCCCGTGCTCTAGGCGTAGTAGATTTTCGTCTCGCCTCTGTAGTCGGGTCTGGTTTTTCCTGCCGTAAAAGGAAGAAAAAAACAGATGTTTTTTTCTTCTTCTTCTTAGGTTGACCTCGGATCAGGTAGGAATACCCGCTGAACTTAAGCATATCAATAAGCGGAGGAA------------------------------------------------------"
"14","T24-L1-F9","W17-T24-L1","tip",3.5,"M33","Good","Peziza_varia","GTTCGTAGGTGACCTGCGGAAGGATCATTAATGAAAAGTTCTTTTGAACCAATCATAACACCCCATTGTTTTAACTCCACCCCTCCCTTGCTTCCACTGGTCAGTGTTGAGCCCTTCGTCTGACGTTGGGCAAGACCCTTCATGCGCTTCAAATTCTTGGAGTGGCTGGAGCGTGCCGGTGCTTGCCTTCCAAAAAAATAAAATACTTGAATATGAGAAATACTGTCTGAATCAAAAATTTTTATAAATCATTATAAAACTTTCAACAACGGATCTCTAGGCTCTTGCATCGATGAAGAACGCAGTGAAATGCGATACGTAATGTGAATTGCAGAATCTCGTGAATCATTGAATCTTTGAACGCACATTGCGCCCTATGGTATTCCGTAGGGCATGCCTGTCTGAGCGTCAGCTAGCCCCCCCACTCAAGCTCTTTTGCTTGGATTATTTCGGACGAGCAGTCTATTACTGATTGCTGCCCGTAAATTCATAGGCAGTATGGTTCCCTCATTCCAAGCTGAGCGTAATAATTAAAACAATCACGCTCATACATTGAAGTTGAGAATATCGTACTCGCCCTTAACCCACAATATTTTTTATTTGGGTGACCTCAGATCAGGTAGGGATACCCGCTGAACTTAAGCAT"
"15","T26-L3-F12","W17-T26-L3","tip",NA,"M15","Good","Pezizomycetes_sp3","TCCGTAGGTGACCTGCGGAAGGATCATTAAAAATTATATGTATTCTCTGGAATATACGTTTCAACCCATCTGTGTATCTTACCTGTTGCTTCCGTACCGCGTGGACTTCGGTCCCCTCATGCTGTACTTCGGTACGGTTCCAGAGTGCCGGTGCGGAATGTATACATCAAACTCTTGCATTCCATGTCTTCTGTCTGAACTGTTAATAACAAAAGTTTAAAACTTTCAACAACGGATCTCTTGGTTCTCGCATCGATGAAGAACGCACCGAAATGCAATAAGTAGTGTGAATTGCAGAATTCATTGAATCATCTAATCTTTGAACGCACATTGCGCCTCCTGGTATTCCGGGAGGCATGCCTGTTCTAGCGTCATTAAAAGCCACTCAAGCTCTTTTGCTTGGACATGGAAGAAAACTCCGCTTGCCGGTCTCCCTTTCCAAATGCAATGGCGGAAGGTCTCTTGTACCCACCGTACCAATAACTTTTCGCTTTGTGCATTGATTCATTCCTGCCGTCTAACCCCCAATTTTCTTAAGTTGACCTCAGATCACGTAGAGATACCCGCTGAACTAGAATGTTTGGTTGTGTCTGCGTGTGCTTCGAACTTGCCTCTGTGGCACATCCCAATTTCACTTCTGGTCTCAAATCAAGTAGGATCACCCGCTGAACTTAAGCATATCAATAA"
"16","T26-L3-F18","W17-T26-L3","base",1.429,"M26","Good","Nemania_serpens",""
"17","T26-L3-F21","W17-T26-L3","base",1.119,"M3A","Good","Cladosporium_sp1","GTCTCGTTGGTGACCAGCGGAGGGATCATTACAGAGTTATCAAAACTCCCAAACCCATGTTGAACATACCTCGCGTTTGCCTCGGCAGGTGGCGTCTCGCCCCGTAAGAACCTACCCTGTAGGACCTTACCCGGTAGACGACCCTGCCGACGGCCCCCGAAACTCTGTTTTATAGCATTAAACTTCTGAAAACATAACTAAATAAGTTAAAACTTTCAACAACGGATCTCTTGGTTCTGGCATCGATGAAGAACGCAGCGAAATGCGATAAGTAATGTGAATTGCAGAATTCAGTGAATCATCGAATCTTTGAACGCACATTGCGCCCACTAGTATTCTGGTGGGCATGCCTGTTCGAGCGTCATTTCAACCCTTAAGCCCCTGTTGCTTAGCGTTAGGAGCCTACCGGAACTCTCTGGTAGCTCCCCAAAGTCAGTGGCGGAGCCGGTTCGCACTCCAGACGTAGTAGCTTTTACACGTCGCCTGTAGCGCGGGCCGGTCCCCTGCCATAAAACACCCCAATTTTTATAGGTTGACCTCGGATCAGGTAGGAATACCCGCTGAACTTAAGCATATCA"
"18","T26-L3-F23","W17-T26-L3","base",2.143,"M26","Good","Nemania_serpens_gen1","TCGTTGGTGACCAGCGGAGGGATCATTACAGAGTTATCAAAACTCCCAAACCCATGTGAACATACCTCGCGTTGCCTCGGCAGGTGGCGTCTCGCCCCGTAAGAACCTACCCTGTAGGACCTTACCCGGTAGACGACCCTGCCGACGGCCCCCGAAACTCTGTTTTATAGCATTAAACTTCTGAAAATATAACTAAATAAGTTAAAACTTTCAACAACGGATCTCTTGGTTCTGGCATCGATGAAGAACGCAGCGAAATGCGATAAGTAATGTGAATTGCAGAATTCAGTGAATCATCGAATCTTTGAACGCACATTGCGCCCACTAGTATTCTGGTGGGCATGCCTGTTCGAGCGTCATTTCAACCCTTAAGCCCCTGTTGCTTAGCGTTAGGAGCCTACCGGAACTCTCTGGTAGCTCCCCAAAGTCAGTGGCGGAGCCGGTTCGCACTCCAGACGTAGTAGCTTTTACACGTCGCCTGTAGCGCGGGCCGGTCCCCTGCCGTAAAACACCCCAATTTTTATAGGTTGACCTCGGATCAGGTAGGAATACCCGCTGAACTTAAGCATATCAATA"
"19","T26-L3-F7","W17-T26-L3","tip",1.929,"M26","Good","Nemania_serpens_gen2","GTCTCGTTGGTGACCAGCGGAGGGATCATTACAGAGTTATCAAAACTCCCAAACCCATGTGAACATACCTCGCGTTGCCTCGGCAGGTGGCGTCTCGCCCCGTAAGAACCTACCCTGTAGGACCTTACCCGGTAGACGACCCTGCCGACGGCCCCCGAAACTCTGTTTTATAGCATTAAACTTCTGAAAACATAACTAAATAAGTTAAAACTTTCAACAACGGATCTCTTGGTTCTGGCATCGATGAAGAACGCAGCGAAATGCGATAAGTAATGTGAATTGCAGAATTCAGTGAATCATCGAATCTTTGAACGCACATTGCGCCCACTAGTATTCTGGTGGGCATGCCTGTTCGAGCGTCATTTCAACCCTTAAGCCCCTGTTGCTTAGCGTTAGGAGCCTACCGGAACTCTCTGGTAGCTCCCCAAAGTCAGTGGCGGAGCCGGTTCGCACTCCAGACGTAGTAGCTTTTACACGTCGCCTGTAGCGCGGGCCGGTCCCCTGCCATAAAACACCCCAATTTTTATAGGTTGACCTCGGATCAGGTAGGAATACCCGCTGAACTTAAGCATATCAATAAGCGGAGGAA"
"20","T26-L3-F8","W17-T26-L3","tip",1.143,"M17","Good","Nemania_serpens_gen2","TCGTTTGGTGACCAGCGGAGGGATCATTACAGAGTTATCAAAACTCCCAAACCCATGTGAACATACCTCGCGTTGCCTCGGCAGGTGGCGTCTCGCCCCGTAAGAACCTACCCTGTAGGACCTTACCCGGTAGACGACCCTGCCGACGGCCCCCGAAACTCTGTTTTATAGCATTAAACTTCTGAAAACATAACTAAATAAGTTAAAACTTTCAACAACGGATCTCTTGGTTCTGGCATCGATGAAGAACGCAGCGAAATGCGATAAGTAATGTGAATTGCAGAATTCAGTGAATCATCGAATCTTTGAACGCACATTGCGCCCACTAGTATTCTGGTGGGCATGCCTGTTCGAGCGTCATTTCAACCCTTAAGCCCCTGTTGCTTAGCGTTAGGAGCCTACCGGAACTCTCTGGTAGCTCCCCAAAGTCAGTGGCGGAGCCGGTTCGCACTCCAGACGTAGTAGCTTTTACACGTCGCCTGTAGCGCGGGCCGGTCCCCTGCCATAAAACACCCCAATTTTTATAGGTTGACCTCGGATCAGGTAGGAATACCCGCTGAACTTAAGCATATCAATAAGGCGGGAGGAAA"
"21","T26-L3-F6","W17-T26-L3","tip",2.679,"M5","Poor","",""
