"TeamID","PlateID","EcoplateID","Sample.ID","Read.ID","Plate","Day","DayNumber","Pyruvic.Acid.Methyl.Ester","Tween.40","Tween.80","alpha.Cyclodextrin","Glycogen","D.Cellobiose","alpha.D.Lactose","beta.Methyl.D.Glucoside","D.Xylose","i.Erythritol","D.Mannitol","N.Acetyl.D.Glucosamine","D.Glucosaminic.Acid","Glucose.1.Phosphate","alpha.Glycerol.Phosphate","D.Galactonic.Acid.gamma.Lactone","D.Galacturonic.Acid","X2.Hydroxy.Benzoic.Acid","X4.Hydroxy.Benzoic.Acid","gamma.Hydroxybutyric.Acid","Itaconic.Acid","alpha.Ketobutyric.Acid","D.Malic.Acid","L.Arginine","L.Asparagine","L.Phenylalanine","L.Serine","L.Threonine","Glycyl.L.Glutamic.Acid","Phenylethyl.amine","Putrescine","LichenID","Thallus_location","Infected","Lichen_mass_mg","Frac_extract","Init_vol_ml","Dilution_factor","Plate_vol_ml","Incubation_days","Incubation_temp_C","Num_colonies","Num_morphotypes","Notes","Exclude","Verified"
"W17-1","W17-T2-L1-P1","W17-1-E6","Sample_3","Team-1_Plate-6_Day-11","Plate-6","Day-11",11,NA,NA,NA,NA,NA,NA,NA,0.035,NA,NA,NA,NA,NA,NA,NA,0.043,NA,NA,NA,NA,NA,NA,NA,0.049,0.004,0.181,NA,NA,NA,NA,NA,"W17-T2-L1","internal",FALSE,62,0.8,1,1,0.1,14,22,0,0,"",NA,TRUE
"W17-1","W17-T2-L1-P2","W17-1-E7","Sample_3","Team-1_Plate-7_Day-11","Plate-7","Day-11",11,NA,NA,NA,NA,NA,NA,NA,0.011,NA,NA,NA,NA,NA,NA,NA,0.268,NA,NA,NA,NA,NA,NA,NA,0.038,NA,NA,NA,NA,NA,NA,NA,"W17-T2-L1","internal",TRUE,62,0.8,1,1,0.1,14,22,0,0,"",NA,TRUE
"W17-1","W17-T21-L1-P1","W17-1-E5","Sample_1","Team-1_Plate-5_Day-11","Plate-5","Day-11",11,NA,NA,NA,NA,NA,NA,NA,0,NA,NA,NA,NA,NA,NA,NA,0.026,NA,NA,NA,NA,NA,NA,NA,0.043,0.057,0.005,NA,NA,NA,NA,NA,"W17-T21-L1","internal",FALSE,66,0.8,1,1,0.1,14,22,0,0,"",NA,TRUE
"W17-1","W17-T21-L1-P2","W17-1-E8","Sample_3","Team-1_Plate-8_Day-11","Plate-8","Day-11",11,0.54,NA,0.084,NA,NA,NA,NA,NA,NA,NA,NA,NA,NA,NA,NA,NA,NA,NA,NA,NA,NA,NA,NA,0.028,0.474,NA,NA,NA,NA,NA,NA,"W17-T21-L1","internal",TRUE,53,0.8,1,1,0.1,14,22,0,0,"",NA,TRUE
"W17-1","W17-T24-L1-P1","W17-1-E3","Sample_1","Team-1_Plate-3_Day-12","Plate-3","Day-12",12,NA,NA,NA,NA,NA,NA,NA,0.011,NA,NA,NA,NA,NA,NA,NA,0.009,NA,NA,NA,NA,NA,NA,NA,0.037,NA,NA,NA,NA,NA,NA,NA,"W17-T24-L1","external",NA,22.1,0.8,1,1,0.1,14,22,111,6,"",NA,TRUE
"W17-1","W17-T24-L1-P2","W17-1-E4","Sample_1","Team-1_Plate-4_Day-12","Plate-4","Day-12",12,1.276,0.627,0.841,NA,0.397,0.545,1.023,0.37,0.554,0.714,0.563,0.387,0.404,NA,NA,0.002,NA,NA,0.052,NA,NA,0.064,0.918,0.199,0.548,NA,0.221,0.044,NA,NA,NA,"W17-T24-L1","internal",NA,22.1,0.8,1,1,0.1,14,22,0,0,"",NA,TRUE
"W17-1","W17-T24-L2-P1","W17-1-E3","Sample_2","Team-1_Plate-3_Day-12","Plate-3","Day-12",12,NA,0.128,NA,NA,NA,NA,NA,NA,NA,0.086,NA,NA,NA,NA,NA,NA,NA,NA,NA,NA,NA,NA,NA,NA,NA,NA,NA,NA,NA,NA,NA,"W17-T24-L2","external",NA,10,0.8,1,1,0.1,14,22,195,6,"",NA,TRUE
"W17-1","W17-T24-L2-P2","W17-1-E4","Sample_2","Team-1_Plate-4_Day-12","Plate-4","Day-12",12,1.144,0.613,1.132,NA,NA,0.474,NA,1.683,2.352,0.138,2.098,1.841,0.745,0.626,0.034,1.709,1.22,0.074,0.056,NA,0.001,0.002,0.481,0.159,2.206,0.087,0.302,NA,0.209,NA,0.399,"W17-T24-L2","internal",NA,10,0.8,1,1,0.1,14,22,0,0,"",NA,TRUE
"W17-1","W17-T24-L3-P1","W17-1-E3","Sample_3","Team-1_Plate-3_Day-12","Plate-3","Day-12",12,NA,NA,NA,NA,NA,NA,NA,NA,NA,NA,NA,NA,NA,NA,NA,NA,NA,NA,NA,NA,NA,NA,NA,NA,NA,NA,NA,NA,NA,NA,NA,"W17-T24-L3","external",NA,20.5,0.8,1,1,0.1,14,22,426,5,"",NA,TRUE
"W17-1","W17-T24-L3-P2","W17-1-E4","Sample_3","Team-1_Plate-4_Day-12","Plate-4","Day-12",12,1.09,0.473,0.482,NA,NA,0.291,0.506,1.083,1.378,NA,1.772,0.551,0.622,NA,NA,0.954,1.083,NA,NA,NA,0.862,NA,0.461,0.903,1.388,0.403,0.31,NA,0.244,NA,NA,"W17-T24-L3","internal",NA,20.5,0.8,1,1,0.1,14,22,0,0,"",NA,TRUE
"W17-1","W17-T24-L4-P1","W17-1-E5","Sample_3","Team-1_Plate-5_Day-11","Plate-5","Day-11",11,NA,NA,NA,NA,NA,NA,NA,0.022,NA,NA,NA,NA,NA,NA,NA,0.033,NA,NA,NA,NA,NA,NA,NA,0.048,0.02,0.006,NA,NA,NA,NA,NA,"W17-T24-L4","internal",FALSE,57,0.8,1,1,0.1,14,22,0,0,"",NA,TRUE
"W17-1","W17-T24-L4-P2","W17-1-E8","Sample_1","Team-1_Plate-8_Day-11","Plate-8","Day-11",11,NA,NA,NA,NA,NA,NA,NA,0.008,NA,NA,NA,NA,NA,NA,NA,NA,NA,NA,NA,NA,NA,NA,NA,NA,NA,NA,NA,NA,NA,NA,NA,"W17-T24-L4","internal",TRUE,65,0.8,1,1,0.1,14,22,0,0,"",NA,TRUE
"W17-1","W17-T36-L1-P1","W17-1-E2","Sample_1","Team-1_Plate-2_Day-12","Plate-2","Day-12",12,0.694,1.136,0.312,NA,0.055,0.577,0.94,0.707,0.493,0.396,0.622,0.951,0.505,NA,NA,0.005,0.462,NA,0.031,NA,NA,0.127,0.781,0.314,0.358,0.155,0.139,NA,NA,NA,NA,"W17-T36-L1","external",NA,13,0.8,1,1,0.1,14,22,7,1,"",NA,TRUE
"W17-1","W17-T36-L1-P2","W17-1-E1","Sample_1","Team-1_Plate-1_Day-12","Plate-1","Day-12",12,NA,NA,NA,NA,NA,NA,NA,NA,NA,NA,NA,NA,NA,NA,NA,0.021,NA,NA,NA,NA,NA,NA,NA,0.012,0.006,NA,NA,NA,NA,NA,NA,"W17-T36-L1","internal",NA,13,0.8,1,1,0.1,14,22,0,0,"",NA,TRUE
"W17-1","W17-T36-L2-P1","W17-1-E2","Sample_2","Team-1_Plate-2_Day-12","Plate-2","Day-12",12,0.242,0.797,0.648,NA,0.244,0.823,0.361,0.052,0.589,0.564,0.396,0.554,NA,NA,NA,0.016,0.178,0.03,0.138,NA,NA,NA,NA,0.001,0.031,0.025,NA,NA,NA,NA,NA,"W17-T36-L2","external",NA,129,0.8,1,1,0.1,14,22,7,1,"",NA,TRUE
"W17-1","W17-T36-L2-P2","W17-1-E1","Sample_2","Team-1_Plate-1_Day-12","Plate-1","Day-12",12,NA,NA,NA,NA,NA,NA,NA,NA,0.055,NA,NA,NA,NA,NA,NA,0.007,NA,NA,NA,NA,NA,NA,NA,0.056,NA,NA,NA,NA,NA,NA,NA,"W17-T36-L2","internal",NA,129,0.8,1,1,0.1,14,22,0,0,"",NA,TRUE
"W17-1","W17-T36-L3-P1","W17-1-E2","Sample_3","Team-1_Plate-2_Day-12","Plate-2","Day-12",12,NA,NA,NA,NA,NA,NA,NA,NA,NA,NA,NA,NA,NA,NA,NA,NA,NA,NA,0.013,NA,NA,NA,NA,NA,0.082,NA,0.194,NA,NA,NA,NA,"W17-T36-L3","external",NA,5.3,0.8,1,1,0.1,14,22,0,0,"",NA,TRUE
"W17-1","W17-T36-L3-P2","W17-1-E1","Sample_3","Team-1_Plate-1_Day-12","Plate-1","Day-12",12,NA,NA,NA,NA,NA,NA,NA,NA,NA,NA,NA,NA,NA,NA,NA,NA,NA,NA,NA,NA,NA,NA,NA,NA,NA,NA,NA,NA,NA,NA,NA,"W17-T36-L3","internal",NA,5.3,0.8,1,1,0.1,14,22,0,0,"",NA,TRUE
"W17-1","W17-T36-L4-P1","W17-1-E5","Sample_2","Team-1_Plate-5_Day-11","Plate-5","Day-11",11,0.196,NA,NA,0.235,NA,NA,NA,NA,NA,NA,NA,NA,NA,NA,NA,0.044,0,NA,NA,NA,NA,NA,NA,NA,NA,NA,0.261,NA,NA,NA,NA,"W17-T36-L4","internal",FALSE,55,0.8,1,1,0.1,14,22,0,0,"",NA,TRUE
"W17-1","W17-T36-L4-P2","W17-1-E7","Sample_1","Team-1_Plate-7_Day-11","Plate-7","Day-11",11,0.574,0.55,0.263,NA,0.656,NA,NA,0.045,1.168,0.475,0.608,0.435,0.651,NA,NA,1.08,0.936,NA,NA,NA,0.761,NA,0.598,0.717,NA,NA,0.484,NA,0.581,NA,0.141,"W17-T36-L4","internal",TRUE,52,0.8,1,1,0.1,14,22,0,0,"",NA,TRUE
"W17-1","W17-T37-L1-P1","W17-1-E6","Sample_2","Team-1_Plate-6_Day-11","Plate-6","Day-11",11,NA,NA,NA,NA,NA,NA,NA,NA,NA,NA,NA,NA,NA,NA,NA,0.025,NA,NA,NA,NA,NA,NA,NA,NA,NA,NA,NA,NA,NA,NA,NA,"W17-T37-L1","internal",FALSE,52,0.8,1,1,0.1,14,22,0,0,"",NA,TRUE
"W17-1","W17-T37-L1-P2","W17-1-E7","Sample_2","Team-1_Plate-7_Day-11","Plate-7","Day-11",11,1.165,0.353,NA,NA,NA,NA,NA,NA,NA,NA,0.272,0.277,0.204,NA,NA,1.072,0.192,NA,1.868,NA,NA,NA,0.364,0.321,0.238,NA,NA,NA,0.061,NA,0.396,"W17-T37-L1","internal",TRUE,48,0.8,1,1,0.1,14,22,0,0,"",NA,TRUE
"W17-1","W17-T6-L1-P1","W17-1-E6","Sample_1","Team-1_Plate-6_Day-11","Plate-6","Day-11",11,NA,NA,NA,NA,NA,NA,NA,0.038,NA,NA,NA,NA,NA,NA,NA,0.051,NA,NA,NA,NA,NA,NA,NA,0.079,0.022,NA,NA,NA,NA,NA,NA,"W17-T6-L1","internal",FALSE,46,0.8,1,1,0.1,14,22,0,0,"",NA,TRUE
"W17-1","W17-T6-L1-P2","W17-1-E8","Sample_2","Team-1_Plate-8_Day-11","Plate-8","Day-11",11,NA,NA,NA,NA,NA,NA,NA,NA,NA,NA,NA,NA,NA,NA,NA,0.02,NA,NA,NA,NA,NA,NA,NA,NA,NA,NA,NA,NA,NA,NA,NA,"W17-T6-L1","internal",TRUE,53,0.8,1,1,0.1,14,22,0,0,"",NA,TRUE
"W17-2","W17-T22-L1-P1","W17-2-E7","Sample_2","Team-2_Plate-7_Day-11","Plate-7","Day-11",11,0.014,0.029,0.017,NA,NA,NA,NA,0.085,0.03,0.012,0.087,0.083,NA,NA,NA,0.104,0.129,0.052,0.033,0.022,NA,NA,NA,0.121,0.071,0.009,0.005,0.016,0.001,NA,NA,"W17-T22-L1","internal",FALSE,58,0.8,1,1,0.1,14,22,0,0,"",NA,TRUE
"W17-2","W17-T22-L1-P2","W17-2-E5","Sample_2","Team-2_Plate-5_Day-11","Plate-5","Day-11",11,NA,NA,NA,NA,NA,NA,NA,NA,NA,NA,NA,NA,NA,NA,NA,0.033,NA,NA,NA,NA,NA,NA,NA,0.002,NA,NA,NA,NA,NA,NA,NA,"W17-T22-L1","internal",TRUE,68,0.8,1,1,0.1,14,22,0,0,"",NA,TRUE
"W17-2","W17-T25-L1-P1","W17-2-E3","Sample_1","Team-2_Plate-3_Day-12","Plate-3","Day-12",12,NA,NA,NA,NA,NA,NA,NA,0.037,NA,NA,NA,NA,NA,NA,NA,0.023,NA,NA,NA,NA,NA,NA,NA,0.049,0.005,0.039,NA,NA,NA,NA,NA,"W17-T25-L1","external",NA,10.8,0.8,1,1,0.1,14,22,0,0,"",NA,TRUE
"W17-2","W17-T25-L1-P2","W17-2-E4","Sample_1","Team-2_Plate-4_Day-12","Plate-4","Day-12",12,NA,NA,NA,NA,NA,NA,NA,NA,NA,NA,NA,NA,NA,NA,NA,NA,NA,NA,NA,NA,NA,NA,NA,NA,NA,NA,NA,NA,NA,NA,NA,"W17-T25-L1","internal",NA,10.8,0.8,1,1,0.1,14,22,0,0,"",NA,TRUE
"W17-2","W17-T25-L2-P1","W17-2-E3","Sample_2","Team-2_Plate-3_Day-12","Plate-3","Day-12",12,NA,NA,NA,NA,NA,NA,NA,0.039,NA,NA,NA,NA,NA,NA,NA,0.056,NA,NA,NA,NA,NA,NA,NA,0.039,NA,NA,NA,NA,NA,NA,NA,"W17-T25-L2","external",NA,8,0.8,1,1,0.1,14,22,0,0,"",NA,TRUE
"W17-2","W17-T25-L2-P2","W17-2-E4","Sample_2","Team-2_Plate-4_Day-12","Plate-4","Day-12",12,NA,0.071,0.016,NA,NA,NA,NA,0.018,0.036,NA,0.041,NA,NA,NA,NA,0.018,NA,NA,NA,0.037,NA,NA,NA,0.033,NA,NA,NA,NA,NA,NA,NA,"W17-T25-L2","internal",NA,8,0.8,1,1,0.1,14,22,0,0,"",NA,TRUE
"W17-2","W17-T25-L3-P1","W17-2-E3","Sample_3","Team-2_Plate-3_Day-12","Plate-3","Day-12",12,NA,NA,NA,NA,NA,NA,NA,0,0.275,NA,NA,NA,NA,NA,NA,NA,NA,NA,NA,NA,NA,NA,NA,NA,NA,0.063,NA,0.081,NA,NA,NA,"W17-T25-L3","external",NA,21.3,0.8,1,1,0.1,14,22,0,0,"",NA,TRUE
"W17-2","W17-T25-L3-P2","W17-2-E4","Sample_3","Team-2_Plate-4_Day-12","Plate-4","Day-12",12,NA,NA,NA,NA,NA,NA,NA,NA,NA,0.162,0.067,NA,NA,NA,NA,NA,NA,NA,NA,NA,NA,NA,NA,0.023,NA,NA,NA,NA,NA,NA,NA,"W17-T25-L3","internal",NA,21.3,0.8,1,1,0.1,14,22,0,0,"",NA,TRUE
"W17-2","W17-T25-L4-P1","W17-2-E7","Sample_3","Team-2_Plate-7_Day-11","Plate-7","Day-11",11,NA,0.02,NA,NA,NA,NA,NA,0.03,0.023,NA,NA,NA,NA,NA,NA,0.039,0.044,0.037,NA,NA,NA,NA,NA,0.08,NA,0.025,0.036,NA,0.301,NA,NA,"W17-T25-L4","internal",FALSE,47,0.8,1,1,0.1,14,22,0,0,"",NA,NA
"W17-2","W17-T25-L4-P2","W17-2-E5","Sample_3","Team-2_Plate-5_Day-11","Plate-5","Day-11",11,NA,NA,NA,NA,NA,NA,NA,NA,NA,NA,NA,NA,NA,NA,NA,NA,NA,NA,NA,NA,NA,NA,NA,NA,NA,NA,NA,NA,NA,NA,NA,"W17-T25-L4","internal",TRUE,66,0.8,1,1,0.1,14,22,0,0,"",NA,NA
"W17-2","W17-T34-L1-P1","W17-2-E8","Sample_1","Team-2_Plate-8_Day-11","Plate-8","Day-11",11,NA,NA,NA,NA,NA,NA,NA,0.044,NA,NA,NA,NA,0.149,NA,NA,0.079,0.005,0.019,NA,NA,NA,NA,NA,0.047,NA,NA,NA,NA,NA,NA,NA,"W17-T34-L1","internal",FALSE,45,0.8,1,1,0.1,14,22,0,0,"",NA,NA
"W17-2","W17-T34-L1-P2","W17-2-E6","Sample_1","Team-2_Plate-6_Day-11","Plate-6","Day-11",11,NA,NA,NA,NA,NA,NA,NA,NA,NA,NA,NA,NA,NA,NA,NA,NA,NA,NA,NA,NA,NA,NA,NA,NA,NA,NA,NA,NA,NA,NA,NA,"W17-T34-L1","internal",TRUE,55,0.8,1,1,0.1,14,22,0,0,"",NA,NA
"W17-2","W17-T38-L1-P1","W17-2-E1","Sample_1","Team-2_Plate-1_Day-12","Plate-1","Day-12",12,NA,NA,NA,NA,NA,NA,NA,NA,NA,0.286,NA,NA,NA,NA,NA,0.012,NA,NA,NA,NA,NA,NA,NA,NA,0.145,0.001,NA,NA,NA,NA,NA,NA,NA,NA,NA,NA,NA,NA,NA,NA,NA,NA,NA,NA,NA,NA
"W17-2","W17-T38-L1-P2","W17-2-E2","Sample_1","Team-2_Plate-2_Day-12","Plate-2","Day-12",12,NA,NA,NA,NA,NA,NA,NA,NA,NA,NA,NA,NA,NA,NA,NA,NA,NA,NA,NA,NA,NA,NA,NA,NA,NA,NA,NA,NA,NA,NA,NA,NA,NA,NA,NA,NA,NA,NA,NA,NA,NA,NA,NA,NA,NA,NA
"W17-2","W17-T38-L2-P1","W17-2-E1","Sample_2","Team-2_Plate-1_Day-12","Plate-1","Day-12",12,NA,0.417,NA,NA,NA,0.155,NA,0.001,NA,NA,0.128,0.526,NA,NA,NA,0.019,NA,NA,NA,NA,NA,NA,NA,NA,NA,NA,NA,NA,NA,NA,0.019,"W17-T38-L2","external",NA,5,0.8,1,1,0.1,14,22,0,0,"",NA,TRUE
"W17-2","W17-T38-L2-P2","W17-2-E2","Sample_2","Team-2_Plate-2_Day-12","Plate-2","Day-12",12,0.02,0.039,0.019,0.035,0.041,NA,NA,NA,NA,NA,0,NA,NA,NA,NA,0.021,NA,0.038,0.023,0.015,NA,NA,NA,NA,0.078,0.01,NA,0.007,0.005,NA,NA,"W17-T38-L2","internal",NA,5,0.8,1,1,0.1,14,22,0,0,"",NA,TRUE
"W17-2","W17-T38-L3-P1","W17-2-E1","Sample_3","Team-2_Plate-1_Day-12","Plate-1","Day-12",12,0.106,NA,NA,NA,NA,NA,NA,NA,NA,NA,NA,NA,NA,NA,NA,NA,NA,NA,NA,NA,NA,NA,NA,NA,NA,NA,NA,NA,NA,NA,NA,"W17-T38-L3","external",NA,13.4,0.8,1,1,0.1,14,22,0,0,"",NA,TRUE
"W17-2","W17-T38-L3-P2","W17-2-E2","Sample_3","Team-2_Plate-2_Day-12","Plate-2","Day-12",12,0.083,NA,0.008,NA,NA,NA,NA,0.056,0.005,0.023,0.013,NA,NA,0.044,NA,0.087,0.059,0.008,0.02,0.019,0.046,0.038,NA,0.127,0.09,0.086,0.095,0.051,0.04,0.02,NA,"W17-T38-L3","internal",NA,13.4,0.8,1,1,0.1,14,22,1,1,"",NA,TRUE
"W17-2","W17-T38-L4-P1","W17-2-E8","Sample_2","Team-2_Plate-8_Day-11","Plate-8","Day-11",11,NA,NA,NA,NA,NA,NA,NA,0.021,NA,NA,NA,NA,NA,NA,NA,0.056,0.022,NA,NA,NA,NA,NA,NA,0.087,0.008,NA,NA,NA,NA,NA,NA,"W17-T38-L4","internal",FALSE,53,0.8,1,1,0.1,14,22,0,0,"",NA,NA
"W17-2","W17-T38-L4-P2","W17-2-E6","Sample_2","Team-2_Plate-6_Day-11","Plate-6","Day-11",11,NA,NA,NA,NA,NA,NA,NA,0.009,NA,NA,NA,NA,NA,NA,NA,0.054,NA,NA,NA,NA,NA,NA,NA,0.064,NA,NA,NA,NA,NA,NA,NA,"W17-T38-L4","internal",TRUE,65,0.8,1,1,0.1,14,22,0,0,"",NA,NA
"W17-2","W17-T44-L1-P1","W17-2-E8","Sample_3","Team-2_Plate-8_Day-11","Plate-8","Day-11",11,NA,NA,NA,NA,NA,NA,NA,NA,NA,NA,NA,NA,NA,NA,NA,NA,NA,NA,0.068,NA,NA,NA,NA,NA,NA,NA,NA,NA,NA,NA,NA,"W17-T44-L1","internal",FALSE,43,0.8,1,1,0.1,14,22,0,0,"",NA,NA
"W17-2","W17-T44-L1-P2","W17-2-E6","Sample_3","Team-2_Plate-6_Day-11","Plate-6","Day-11",11,NA,NA,NA,NA,NA,NA,NA,NA,NA,NA,NA,NA,NA,NA,NA,NA,NA,0.1,NA,NA,NA,NA,NA,NA,NA,NA,NA,NA,NA,NA,NA,"W17-T44-L1","internal",TRUE,57,0.8,1,1,0.1,14,22,0,0,"",NA,NA
"W17-2","W17-T7-L1-P1","W17-2-E7","Sample_1","Team-2_Plate-7_Day-11","Plate-7","Day-11",11,NA,NA,NA,NA,NA,NA,NA,0.025,NA,NA,NA,NA,NA,NA,NA,0.028,0.012,NA,0.409,0.017,NA,NA,NA,0.006,0.042,0.117,0.015,0.012,NA,NA,NA,"W17-T7-L1","internal",FALSE,50,0.8,1,1,0.1,14,22,0,0,"",NA,NA
"W17-2","W17-T7-L1-P2","W17-2-E5","Sample_1","Team-2_Plate-5_Day-11","Plate-5","Day-11",11,NA,NA,NA,NA,NA,NA,NA,0.025,NA,NA,NA,NA,NA,NA,NA,0.033,NA,NA,NA,NA,NA,NA,NA,0.039,0.01,NA,NA,NA,NA,NA,NA,"W17-T7-L1","internal",TRUE,60,0.8,1,1,0.1,14,22,0,0,"",NA,NA
"W17-3","W17-T10-L1-P1","W17-3-E7","Sample_3","Team-3_Plate-7_Day-11","Plate-7","Day-11",11,NA,NA,NA,NA,NA,NA,NA,NA,NA,NA,NA,NA,NA,NA,NA,NA,NA,NA,NA,NA,NA,NA,NA,0.023,NA,NA,NA,NA,NA,NA,NA,"W17-T10-L1","internal",FALSE,60,0.8,1,1,0.1,14,22,0,0,"",NA,TRUE
"W17-3","W17-T10-L1-P2","W17-3-E5","Sample_3","Team-3_Plate-5_Day-11","Plate-5","Day-11",11,NA,NA,NA,NA,NA,NA,NA,0.004,NA,NA,NA,NA,NA,NA,NA,NA,NA,NA,NA,NA,NA,NA,NA,NA,NA,NA,NA,NA,NA,NA,NA,"W17-T10-L1","internal",TRUE,67,0.8,1,1,0.1,14,22,0,0,"",NA,TRUE
"W17-3","W17-T18-L1-P1","W17-3-E7","Sample_1","Team-3_Plate-7_Day-11","Plate-7","Day-11",11,NA,NA,NA,NA,NA,NA,NA,0.033,NA,NA,NA,NA,NA,NA,NA,0.031,NA,NA,NA,NA,NA,NA,NA,0.05,NA,NA,NA,NA,NA,NA,NA,"W17-T18-L1","internal",FALSE,86,0.8,1,1,0.1,14,22,0,0,"",NA,TRUE
"W17-3","W17-T18-L1-P2","W17-3-E5","Sample_1","Team-3_Plate-5_Day-11","Plate-5","Day-11",11,NA,NA,NA,NA,NA,NA,NA,NA,NA,NA,NA,NA,NA,NA,NA,0.047,0.293,0.118,NA,NA,NA,NA,NA,0.042,NA,NA,NA,NA,NA,NA,NA,"W17-T18-L1","internal",TRUE,54,0.8,1,1,0.1,14,22,1,1,"",NA,TRUE
"W17-3","W17-T31-L1-P1","W17-3-E6","Sample_1","Team-3_Plate-6_Day-11","Plate-6","Day-11",11,0.038,NA,NA,NA,NA,NA,NA,0.031,NA,NA,NA,NA,NA,NA,NA,0.053,NA,NA,NA,NA,NA,NA,NA,0.05,0.016,NA,NA,NA,NA,NA,NA,"W17-T31-L1","internal",FALSE,48,0.8,1,1,0.1,14,22,0,0,"",NA,TRUE
"W17-3","W17-T31-L1-P2","W17-3-E8","Sample_1","Team-3_Plate-8_Day-11","Plate-8","Day-11",11,NA,NA,NA,NA,NA,NA,NA,NA,NA,NA,NA,NA,NA,NA,NA,NA,NA,NA,NA,NA,NA,NA,NA,NA,NA,NA,NA,NA,NA,NA,NA,"W17-T31-L1","internal",TRUE,49,0.8,1,1,0.1,14,22,0,0,"",NA,TRUE
"W17-3","W17-T4-L1-P1","W17-3-E1","Sample_1","Team-3_Plate-1_Day-12","Plate-1","Day-12",12,0.076,0.46,0.232,NA,0.316,0.353,0.759,0.709,0.514,0.35,0.462,0.433,NA,NA,NA,NA,NA,NA,0.188,NA,NA,NA,NA,0.173,0.053,NA,0.071,NA,NA,NA,NA,"W17-T4-L1","external",NA,47.8,0.8,1,1,0.1,14,22,2640,6,"",NA,TRUE
"W17-3","W17-T4-L1-P2","W17-3-E2","Sample_1","Team-3_Plate-2_Day-12","Plate-2","Day-12",12,NA,NA,NA,NA,NA,NA,NA,0.01,NA,NA,0,NA,NA,NA,NA,0.002,NA,NA,NA,NA,NA,NA,NA,0.021,0.085,NA,NA,NA,NA,NA,NA,"W17-T4-L1","internal",NA,47.8,0.8,1,1,0.1,14,22,0,0,"",NA,NA
"W17-3","W17-T4-L2-P1","W17-3-E1","Sample_2","Team-3_Plate-1_Day-12","Plate-1","Day-12",12,0.064,0.524,0.019,0.018,0.326,0.387,0.211,0.324,0.62,0.24,0.382,0.414,NA,NA,NA,0.051,NA,NA,0.074,NA,NA,NA,NA,0.026,NA,NA,0.034,NA,0.015,NA,NA,"W17-T4-L2","external",NA,50.2,0.8,1,1,0.1,14,22,101,6,"",NA,TRUE
"W17-3","W17-T4-L2-P2","W17-3-E2","Sample_2","Team-3_Plate-2_Day-12","Plate-2","Day-12",12,NA,NA,NA,NA,NA,NA,NA,NA,NA,NA,NA,NA,NA,NA,NA,0.016,NA,NA,NA,NA,NA,NA,NA,NA,NA,NA,NA,NA,NA,NA,NA,"W17-T4-L2","internal",NA,50.2,0.8,1,1,0.1,14,22,0,0,"",NA,NA
"W17-3","W17-T4-L3-P1","W17-3-E1","Sample_3","Team-3_Plate-1_Day-12","Plate-1","Day-12",12,0.426,0.678,0.707,NA,1.038,0.968,0.837,0.829,0.811,0.318,0.853,0.678,0.721,NA,NA,0.449,1.52,0.019,0.238,NA,0.073,0.324,1.257,0.304,0.847,0.487,0.303,0.015,NA,NA,NA,"W17-T4-L3","external",NA,7.2,0.8,1,1,0.1,14,22,110,6,"",NA,TRUE
"W17-3","W17-T4-L3-P2","W17-3-E2","Sample_3","Team-3_Plate-2_Day-12","Plate-2","Day-12",12,NA,NA,NA,NA,NA,NA,NA,0.008,NA,NA,NA,NA,NA,NA,NA,0.048,NA,NA,NA,NA,NA,NA,NA,0.059,0.033,0,NA,NA,NA,NA,NA,"W17-T4-L3","internal",NA,7.2,0.8,1,1,0.1,14,22,0,0,"",NA,NA
"W17-3","W17-T4-L4-P1","W17-3-E6","Sample_3","Team-3_Plate-6_Day-11","Plate-6","Day-11",11,0.012,NA,NA,NA,NA,NA,NA,0.038,NA,NA,NA,NA,NA,NA,NA,0.059,NA,NA,NA,NA,NA,NA,NA,0.059,NA,NA,NA,NA,NA,NA,NA,"W17-T4-L4","internal",FALSE,56,0.8,1,1,0.1,14,22,0,0,"",NA,TRUE
"W17-3","W17-T4-L4-P2","W17-3-E8","Sample_3","Team-3_Plate-8_Day-11","Plate-8","Day-11",11,0.803,0.555,0.01,NA,NA,NA,NA,0.069,0.103,NA,1.488,0.165,0.571,NA,NA,1.11,1.641,NA,0.392,NA,NA,NA,0.835,0.573,0.826,0.446,1.068,0.102,0.017,NA,NA,"W17-T4-L4","internal",TRUE,88,0.8,1,1,0.1,14,22,939,NA,"",NA,TRUE
"W17-3","W17-T40-L1-P1","W17-3-E7","Sample_2","Team-3_Plate-7_Day-11","Plate-7","Day-11",11,NA,NA,NA,0.028,NA,NA,NA,0.037,NA,NA,NA,NA,NA,NA,NA,NA,NA,NA,NA,NA,NA,NA,NA,0.058,0.009,NA,NA,NA,NA,NA,NA,"W17-T40-L1","internal",FALSE,62,0.8,1,1,0.1,14,22,0,0,"",NA,TRUE
"W17-3","W17-T40-L1-P2","W17-3-E5","Sample_2","Team-3_Plate-5_Day-11","Plate-5","Day-11",11,NA,NA,NA,NA,NA,NA,NA,0,NA,NA,NA,NA,NA,NA,NA,NA,NA,NA,NA,NA,NA,NA,NA,NA,NA,NA,NA,NA,NA,NA,NA,"W17-T40-L1","internal",TRUE,59,0.8,1,1,0.1,14,22,0,0,"",NA,TRUE
"W17-3","W17-T42-L1-P1","W17-3-E3","Sample_1","Team-3_Plate-3_Day-12","Plate-3","Day-12",12,0.574,0.624,0.236,NA,0.077,0.487,0.477,0.829,0.642,0.546,0.523,0.411,0.234,NA,NA,0.12,0.6,0.134,0.058,0.011,0.11,0.151,0.439,0.254,0.648,0.266,0.959,NA,NA,NA,0.164,"W17-T42-L1","external",NA,53.3,0.8,1,1,0.1,14,22,15,2,"",NA,TRUE
"W17-3","W17-T42-L1-P2","W17-3-E4","Sample_1","Team-3_Plate-4_Day-12","Plate-4","Day-12",12,NA,NA,NA,NA,NA,NA,NA,0.025,NA,NA,NA,NA,NA,NA,NA,NA,NA,NA,NA,NA,NA,NA,NA,NA,NA,NA,NA,NA,NA,NA,NA,"W17-T42-L1","internal",NA,53.3,0.8,1,1,0.1,14,22,46,1,"",NA,NA
"W17-3","W17-T42-L2-P1","W17-3-E3","Sample_2","Team-3_Plate-3_Day-12","Plate-3","Day-12",12,1.393,0.411,0.459,0.028,0.256,0.387,NA,0.545,0.252,0.482,1.814,0.446,0.149,NA,NA,0.465,0.983,NA,0.442,0.047,NA,NA,0.275,0.045,NA,NA,1.257,NA,NA,NA,NA,"W17-T42-L2","external",NA,14.6,0.8,1,1,0.1,14,22,2,1,"",NA,TRUE
"W17-3","W17-T42-L2-P2","W17-3-E4","Sample_2","Team-3_Plate-4_Day-12","Plate-4","Day-12",12,NA,NA,NA,NA,NA,NA,NA,0.005,NA,NA,NA,NA,NA,NA,NA,NA,NA,NA,NA,NA,NA,NA,NA,NA,NA,NA,NA,NA,NA,NA,NA,"W17-T42-L2","internal",NA,14.6,0.8,1,1,0.1,14,22,59,1,"",NA,NA
"W17-3","W17-T42-L3-P1","W17-3-E3","Sample_3","Team-3_Plate-3_Day-12","Plate-3","Day-12",12,0.772,0.519,0.649,NA,0.104,0.418,0.141,0.609,0.051,0.17,1.115,0.215,0.365,NA,NA,NA,0.347,0.15,0.207,NA,NA,NA,0.251,0.142,0.133,0.088,0.118,NA,NA,NA,NA,"W17-T42-L3","external",NA,91.9,0.8,1,1,0.1,14,22,132,5,"",NA,TRUE
"W17-3","W17-T42-L3-P2","W17-3-E4","Sample_3","Team-3_Plate-4_Day-12","Plate-4","Day-12",12,NA,NA,NA,NA,NA,NA,NA,0.066,NA,NA,NA,NA,NA,NA,NA,0.002,NA,NA,NA,NA,NA,NA,NA,0.015,NA,NA,NA,NA,NA,NA,NA,"W17-T42-L3","internal",NA,91.9,0.8,1,1,0.1,14,22,4,1,"",NA,NA
"W17-3","W17-T42-L4-P1","W17-3-E8","Sample_2","Team-3_Plate-8_Day-11","Plate-8","Day-11",11,NA,NA,NA,NA,NA,NA,NA,0.105,NA,0.079,NA,NA,NA,NA,NA,0.011,NA,NA,NA,NA,NA,NA,NA,0.016,NA,NA,NA,NA,NA,NA,NA,"W17-T42-L4","internal",FALSE,47,0.8,1,1,0.1,14,22,0,0,"",NA,TRUE
"W17-3","W17-T42-L4-P2","W17-3-E6","Sample_2","Team-3_Plate-6_Day-11","Plate-6","Day-11",11,NA,NA,NA,NA,NA,NA,NA,NA,NA,NA,NA,NA,NA,NA,NA,NA,NA,NA,NA,NA,NA,NA,NA,NA,NA,NA,NA,NA,NA,NA,NA,"W17-T42-L4","internal",TRUE,53,0.8,1,1,0.1,14,22,NA,NA,"",NA,TRUE
"W17-4","W17-T1-L1-P1","W17-4-E1","Sample_1","Team-4_Plate-1_Day-12","Plate-1","Day-12",12,0.26,0.649,0.492,NA,0.043,0.547,0.455,0.398,0.633,0.453,0.857,0.479,0.255,NA,NA,0.019,0.159,0.006,0.082,NA,NA,NA,NA,0.078,0.149,NA,0.268,NA,NA,NA,0.151,"W17-T1-L1","external",NA,6.7,0.8,1,1,0.1,14,22,3,2,"",NA,TRUE
"W17-4","W17-T1-L1-P2","W17-4-E2","Sample_1","Team-4_Plate-2_Day-12","Plate-2","Day-12",12,NA,NA,NA,NA,NA,NA,NA,0.009,NA,NA,NA,0.014,NA,NA,NA,NA,0.062,NA,NA,NA,NA,NA,NA,NA,0.025,NA,0.057,NA,NA,NA,NA,"W17-T1-L1","internal",NA,6.7,0.8,1,1,0.1,14,22,0,0,"",NA,TRUE
"W17-4","W17-T1-L2-P1","W17-4-E1","Sample_2","Team-4_Plate-1_Day-12","Plate-1","Day-12",12,NA,0.399,0.097,NA,0.242,0.223,NA,0.023,0.089,0.632,0.466,0.058,NA,NA,NA,0.072,NA,NA,NA,NA,NA,NA,NA,0.045,0.006,NA,NA,NA,0.164,NA,NA,"W17-T1-L2","external",NA,31.2,0.8,1,1,0.1,14,22,NA,2,"too many colonies to count",NA,TRUE
"W17-4","W17-T1-L2-P2","W17-4-E2","Sample_2","Team-4_Plate-2_Day-12","Plate-2","Day-12",12,0.032,0.005,0.012,NA,NA,NA,NA,NA,0.082,0.035,0.092,0.01,NA,NA,NA,0.106,0.056,0.031,0.046,0.036,0.014,NA,NA,0.101,0.053,0.011,0.002,NA,NA,NA,NA,"W17-T1-L2","internal",NA,31.2,0.8,1,1,0.1,14,22,0,0,"",NA,TRUE
"W17-4","W17-T1-L3-P1","W17-4-E1","Sample_3","Team-4_Plate-1_Day-12","Plate-1","Day-12",12,0.562,0.393,0.2,NA,0.543,0.484,0.224,0.336,0.707,0.533,0.465,0.694,NA,NA,NA,NA,0.144,NA,0.062,NA,NA,NA,NA,0.357,0.541,NA,0.414,NA,0.015,NA,0.167,"W17-T1-L3","external",NA,15.6,0.8,1,1,0.1,14,22,245,5,"",NA,TRUE
"W17-4","W17-T1-L3-P2","W17-4-E2","Sample_3","Team-4_Plate-2_Day-12","Plate-2","Day-12",12,NA,NA,NA,NA,NA,NA,NA,NA,NA,NA,NA,NA,NA,NA,NA,NA,NA,NA,NA,NA,NA,NA,NA,NA,NA,NA,NA,NA,NA,NA,NA,"W17-T1-L3","internal",NA,15.6,0.8,1,1,0.1,14,22,0,0,"",NA,TRUE
"W17-4","W17-T1-L4-P1","W17-4-E5","Sample_1","Team-4_Plate-5_Day-11","Plate-5","Day-11",11,NA,0.119,NA,0.071,NA,0.053,NA,NA,0.158,NA,NA,0.12,NA,NA,NA,NA,NA,NA,NA,NA,NA,NA,NA,NA,NA,NA,0.229,NA,NA,NA,NA,NA,NA,NA,NA,NA,NA,NA,NA,NA,NA,NA,NA,NA,NA,NA
"W17-4","W17-T1-L4-P2","W17-4-E7","Sample_1","Team-4_Plate-7_Day-11","Plate-7","Day-11",11,0.026,NA,NA,NA,NA,0.031,NA,0.058,0.356,0.045,NA,0.004,NA,NA,NA,NA,0.037,0.044,0.045,0.027,NA,NA,NA,0.135,0.11,0.077,0.023,0.023,0.007,NA,NA,NA,NA,NA,NA,NA,NA,NA,NA,NA,NA,NA,NA,NA,NA,NA
"W17-4","W17-T19-L1-P1","W17-4-E3","Sample_1","Team-4_Plate-3_Day-12","Plate-3","Day-12",12,0.183,0.33,0.829,NA,0.775,0.724,0.715,0.494,0.391,0.491,0.629,0.284,NA,NA,NA,NA,0.057,NA,NA,NA,NA,NA,NA,NA,0.08,NA,0.201,NA,NA,NA,NA,"W17-T19-L1","external",NA,13,0.8,1,1,0.1,14,22,173,5,"",NA,TRUE
"W17-4","W17-T19-L1-P2","W17-4-E4","Sample_1","Team-4_Plate-4_Day-12","Plate-4","Day-12",12,NA,NA,NA,NA,NA,NA,NA,0.019,NA,NA,NA,NA,NA,NA,NA,NA,NA,NA,NA,NA,NA,NA,NA,NA,NA,NA,NA,NA,NA,NA,NA,"W17-T19-L1","internal",NA,13,0.8,1,1,0.1,14,22,0,0,"",NA,TRUE
"W17-4","W17-T19-L2-P1","W17-4-E3","Sample_2","Team-4_Plate-3_Day-12","Plate-3","Day-12",12,0.818,0.648,1.049,0.008,0.66,1.058,0.756,1.043,0.701,0.59,0.744,0.783,0.757,NA,NA,0.217,0.721,0.039,0.472,0.104,NA,0.179,0.274,0.427,0.558,0.155,0.24,0.283,0.005,NA,NA,"W17-T19-L2","external",NA,4.3,0.8,1,1,0.1,14,22,104,5,"",NA,TRUE
"W17-4","W17-T19-L2-P2","W17-4-E4","Sample_2","Team-4_Plate-4_Day-12","Plate-4","Day-12",12,NA,0.111,NA,NA,NA,NA,NA,0.078,NA,NA,NA,NA,NA,NA,NA,0.084,NA,NA,NA,NA,NA,NA,NA,0.033,NA,NA,NA,NA,NA,NA,NA,"W17-T19-L2","internal",NA,4.3,0.8,1,1,0.1,14,22,0,0,"",NA,TRUE
"W17-4","W17-T19-L3-P1","W17-4-E3","Sample_3","Team-4_Plate-3_Day-12","Plate-3","Day-12",12,0.718,0.369,0.887,NA,0.364,1.491,0.489,1.066,0.614,1.703,1.439,1.099,0.366,0.645,NA,0.787,0.824,0.034,0.054,NA,NA,NA,0.755,NA,1.126,0.246,0.213,NA,0.018,0.016,NA,"W17-T19-L3","external",NA,4.5,0.8,1,1,0.1,14,22,268,2,"",NA,TRUE
"W17-4","W17-T19-L3-P2","W17-4-E4","Sample_3","Team-4_Plate-4_Day-12","Plate-4","Day-12",12,NA,NA,NA,NA,NA,NA,NA,0.008,NA,NA,NA,NA,NA,NA,NA,0.021,NA,NA,NA,NA,NA,NA,NA,0,NA,NA,NA,NA,0.246,NA,NA,"W17-T19-L3","internal",NA,4.5,0.8,1,1,0.1,14,22,0,0,"",NA,TRUE
"W17-4","W17-T19-L4-P1","W17-4-E5","Sample_2","Team-4_Plate-5_Day-11","Plate-5","Day-11",11,0.02,NA,NA,NA,NA,NA,NA,NA,0.031,NA,0.349,NA,NA,NA,NA,0.007,NA,0.03,NA,0,NA,NA,NA,0.015,NA,NA,NA,NA,NA,NA,NA,NA,NA,NA,NA,NA,NA,NA,NA,NA,NA,NA,NA,NA,NA,NA
"W17-4","W17-T19-L4-P2","W17-4-E7","Sample_2","Team-4_Plate-7_Day-11","Plate-7","Day-11",11,NA,NA,NA,NA,NA,NA,NA,0.01,0.154,NA,NA,NA,NA,NA,NA,0.044,NA,NA,NA,NA,NA,NA,NA,NA,NA,NA,NA,NA,NA,NA,NA,NA,NA,NA,NA,NA,NA,NA,NA,NA,NA,NA,NA,NA,NA,NA
"W17-4","W17-T23-L1-P1","W17-4-E5","Sample_3","Team-4_Plate-5_Day-11","Plate-5","Day-11",11,0.054,0.262,0.624,0.101,0.529,0.463,NA,0.304,0.709,NA,1.31,0.319,NA,NA,NA,NA,0.178,NA,NA,NA,NA,NA,0.185,0.138,0.241,0.149,0.009,NA,NA,NA,NA,NA,NA,NA,NA,NA,NA,NA,NA,NA,NA,NA,NA,NA,NA,NA
"W17-4","W17-T23-L1-P2","W17-4-E7","Sample_3","Team-4_Plate-7_Day-11","Plate-7","Day-11",11,NA,NA,NA,NA,NA,NA,NA,NA,NA,NA,NA,NA,NA,NA,NA,NA,NA,NA,NA,NA,NA,NA,NA,NA,NA,NA,NA,NA,NA,NA,NA,NA,NA,NA,NA,NA,NA,NA,NA,NA,NA,NA,NA,NA,NA,NA
"W17-4","W17-T33-L1-P1","W17-4-E6","Sample_1","Team-4_Plate-6_Day-11","Plate-6","Day-11",11,NA,NA,NA,NA,NA,NA,NA,0.005,NA,NA,NA,NA,NA,NA,NA,NA,NA,NA,NA,NA,NA,NA,NA,NA,NA,NA,NA,NA,NA,NA,NA,NA,NA,NA,NA,NA,NA,NA,NA,NA,NA,NA,NA,NA,NA,NA
"W17-4","W17-T33-L1-P2","W17-4-E8","Sample_1","Team-4_Plate-8_Day-11","Plate-8","Day-11",11,NA,NA,NA,NA,NA,NA,NA,0.069,0.006,0.053,0.026,0.02,NA,NA,NA,0.084,0.067,0.136,0.059,0.127,NA,NA,NA,0.155,0.087,0.049,0.467,0.384,NA,NA,NA,NA,NA,NA,NA,NA,NA,NA,NA,NA,NA,NA,NA,NA,NA,NA
"W17-4","W17-T39-L1-P1","W17-4-E6","Sample_2","Team-4_Plate-6_Day-11","Plate-6","Day-11",11,NA,NA,NA,NA,NA,NA,NA,NA,NA,NA,NA,NA,NA,NA,NA,NA,NA,NA,NA,NA,NA,NA,NA,NA,NA,NA,NA,NA,NA,NA,NA,NA,NA,NA,NA,NA,NA,NA,NA,NA,NA,NA,NA,NA,NA,NA
"W17-4","W17-T39-L1-P2","W17-4-E8","Sample_2","Team-4_Plate-8_Day-11","Plate-8","Day-11",11,0.469,0.525,0.208,NA,0,NA,NA,NA,0.758,0.07,0.978,0.333,0.422,NA,NA,0.427,0.214,0.039,0.01,0.038,0.721,NA,NA,0.279,0.168,NA,0.059,NA,0.317,NA,NA,NA,NA,NA,NA,NA,NA,NA,NA,NA,NA,NA,NA,NA,NA,NA
"W17-4","W17-T45-L1-P1","W17-4-E6","Sample_3","Team-4_Plate-6_Day-11","Plate-6","Day-11",11,0.048,NA,NA,0.01,NA,0.005,NA,NA,0.015,NA,NA,NA,NA,NA,NA,0.071,0.042,NA,NA,NA,NA,NA,NA,0.055,NA,NA,NA,NA,NA,NA,NA,NA,NA,NA,NA,NA,NA,NA,NA,NA,NA,NA,NA,NA,NA,NA
"W17-4","W17-T45-L1-P2","W17-4-E8","Sample_3","Team-4_Plate-8_Day-11","Plate-8","Day-11",11,0.24,0.134,0.157,0.163,NA,NA,NA,NA,0.557,NA,0.56,NA,NA,NA,NA,0.366,NA,NA,NA,NA,NA,0.048,NA,0.114,0.331,NA,NA,NA,NA,NA,NA,NA,NA,NA,NA,NA,NA,NA,NA,NA,NA,NA,NA,NA,NA,NA
"W17-5","W17-T11-L1-P1","W17-5-E7","Sample_1","Team-5_Plate-7_Day-11","Plate-7","Day-11",11,NA,NA,NA,0.064,NA,NA,NA,0.019,NA,NA,NA,NA,NA,NA,NA,0.026,NA,NA,NA,NA,NA,NA,NA,0.053,NA,NA,0.075,NA,NA,NA,NA,"W17-T11-L1","internal",FALSE,54,0.8,1,1,0.1,14,22,0,0,"",NA,TRUE
"W17-5","W17-T11-L1-P2","W17-5-E7","Sample_2","Team-5_Plate-7_Day-11","Plate-7","Day-11",11,0.869,1.505,1.208,1.053,0.337,0.733,NA,0.614,1.785,0.237,1.237,0.922,0.573,NA,0.072,0.768,0.57,NA,0.466,0.582,0.462,0.063,1.329,1.348,1.332,0.048,0.778,0.624,0.815,NA,0.573,"W17-T11-L1","internal",TRUE,75,0.8,1,1,0.1,14,22,0,0,"",NA,TRUE
"W17-5","W17-T15-L1-P1","W17-5-E1","Sample_1","Team-5_Plate-1_Day-12","Plate-1","Day-12",12,0.13,0.13,0.521,NA,0.404,0.742,NA,0.578,0.282,NA,0.391,0.609,NA,NA,NA,NA,NA,NA,NA,NA,NA,NA,NA,NA,0.001,NA,NA,NA,NA,NA,0.093,"W17-T15-L1","external",NA,9.3,0.8,1,1,0.1,14,22,0,0,"",NA,TRUE
"W17-5","W17-T15-L1-P2","W17-5-E2","Sample_1","Team-5_Plate-2_Day-12","Plate-2","Day-12",12,NA,NA,NA,NA,NA,NA,NA,0.085,NA,NA,NA,NA,NA,NA,NA,0.048,NA,0.018,0.016,NA,0.014,NA,NA,0.006,NA,NA,NA,NA,NA,NA,NA,"W17-T15-L1","internal",NA,9.3,0.8,1,1,0.1,14,22,0,0,"",NA,TRUE
"W17-5","W17-T15-L2-P1","W17-5-E1","Sample_2","Team-5_Plate-1_Day-12","Plate-1","Day-12",12,NA,0.536,0.369,NA,NA,NA,NA,NA,0.073,0.34,0.857,0.813,0.702,NA,NA,0.018,NA,NA,0.073,NA,NA,0.125,0.52,NA,0.447,0.317,0.11,NA,NA,NA,NA,"W17-T15-L2","external",NA,15.2,0.8,1,1,0.1,14,22,19,2,"",NA,TRUE
"W17-5","W17-T15-L2-P2","W17-5-E2","Sample_2","Team-5_Plate-2_Day-12","Plate-2","Day-12",12,NA,NA,NA,NA,NA,NA,NA,0.014,NA,0.043,NA,0.045,NA,NA,NA,0.042,NA,NA,NA,0.009,NA,NA,NA,NA,NA,NA,NA,NA,NA,NA,NA,"W17-T15-L2","internal",NA,15.2,0.8,1,1,0.1,14,22,0,0,"",NA,TRUE
"W17-5","W17-T15-L4-P1","W17-5-E5","Sample_1","Team-5_Plate-5_Day-11","Plate-5","Day-11",11,NA,NA,NA,NA,NA,NA,NA,0.031,NA,NA,NA,NA,NA,NA,NA,0.034,0.029,0.041,0.031,NA,NA,0.004,NA,0.043,0.056,0.015,0.095,NA,0.088,NA,NA,"W17-T15-L4","internal",FALSE,50,0.8,1,1,0.1,14,22,0,0,"",NA,TRUE
"W17-5","W17-T15-L4-P2","W17-5-E5","Sample_2","Team-5_Plate-5_Day-11","Plate-5","Day-11",11,NA,NA,NA,NA,NA,NA,NA,0.029,NA,NA,NA,NA,NA,NA,NA,0.055,NA,NA,0.015,NA,NA,NA,NA,0.043,NA,NA,NA,NA,NA,NA,NA,"W17-T15-L4","internal",TRUE,76,0.8,1,1,0.1,14,22,0,0,"",NA,TRUE
"W17-5","W17-T20-L1-P1","W17-5-E8","Sample_2","Team-5_Plate-8_Day-11","Plate-8","Day-11",11,NA,NA,NA,NA,NA,NA,NA,0.008,NA,NA,NA,NA,NA,NA,NA,0.05,NA,NA,NA,NA,NA,NA,NA,NA,NA,NA,NA,NA,NA,NA,NA,"W17-T20-L1","internal",FALSE,37,0.8,1,1,0.1,14,22,0,0,"",NA,TRUE
"W17-5","W17-T20-L1-P2","W17-5-E8","Sample_3","Team-5_Plate-8_Day-11","Plate-8","Day-11",11,NA,NA,NA,NA,NA,NA,NA,NA,NA,NA,NA,NA,NA,NA,NA,NA,NA,NA,NA,NA,NA,NA,NA,NA,NA,NA,NA,NA,NA,NA,NA,"W17-T20-L1","internal",TRUE,17,0.8,1,1,0.1,14,22,0,0,"",NA,TRUE
"W17-5","W17-T26-L1-P1","W17-5-E3","Sample_1","Team-5_Plate-3_Day-12","Plate-3","Day-12",12,NA,NA,0.312,NA,0.018,0.305,0.162,0.023,0.209,0.26,0.394,0.224,NA,NA,NA,0.019,0.592,NA,0.08,NA,NA,NA,NA,NA,NA,0.007,NA,NA,0.04,NA,NA,"W17-T26-L1","external",NA,5.8,0.8,1,1,0.1,14,22,18,1,"",NA,TRUE
"W17-5","W17-T26-L1-P2","W17-5-E4","Sample_1","Team-5_Plate-4_Day-12","Plate-4","Day-12",12,0.013,NA,NA,NA,NA,NA,NA,0.045,NA,NA,NA,NA,NA,0.004,NA,0.028,NA,NA,NA,NA,NA,NA,NA,0.022,NA,NA,NA,NA,NA,NA,NA,"W17-T26-L1","internal",NA,5.8,0.8,1,1,0.1,14,22,0,0,"",NA,TRUE
"W17-5","W17-T26-L2-P1","W17-5-E3","Sample_2","Team-5_Plate-3_Day-12","Plate-3","Day-12",12,0.096,0.725,0.605,NA,0.432,0.728,0.057,0.378,0.081,0.6,0.566,0.91,NA,NA,NA,0.028,0.087,0.014,0.127,NA,NA,NA,NA,0.229,0.247,NA,0.221,NA,NA,NA,NA,"W17-T26-L2","external",NA,7,0.8,1,1,0.1,14,22,0,0,"",NA,TRUE
"W17-5","W17-T26-L2-P2","W17-5-E4","Sample_2","Team-5_Plate-4_Day-12","Plate-4","Day-12",12,NA,NA,NA,NA,NA,NA,NA,0.038,NA,NA,NA,NA,NA,NA,NA,0.054,NA,NA,NA,NA,NA,NA,NA,0.042,NA,NA,NA,NA,NA,NA,NA,"W17-T26-L2","internal",NA,7,0.8,1,1,0.1,14,22,0,0,"",NA,TRUE
"W17-5","W17-T26-L3-P1","W17-5-E3","Sample_3","Team-5_Plate-3_Day-12","Plate-3","Day-12",12,1.728,0.397,1.029,NA,0.368,0.703,1.052,1.487,0.734,0.729,0.678,0.621,0.631,NA,NA,0.763,1.395,0.091,0.114,0.177,0.118,0.181,0.69,0.416,0.854,0.319,0.418,0.102,0.098,0.103,0.097,"W17-T26-L3","external",NA,12.9,0.8,1,1,0.1,14,22,2760,2,"",NA,TRUE
"W17-5","W17-T26-L3-P2","W17-5-E4","Sample_3","Team-5_Plate-4_Day-12","Plate-4","Day-12",12,NA,NA,NA,0.38,NA,NA,NA,NA,NA,NA,NA,NA,NA,NA,NA,NA,NA,NA,NA,NA,NA,NA,NA,0.048,NA,NA,NA,NA,NA,NA,NA,"W17-T26-L3","internal",NA,12.9,0.8,1,1,0.1,14,22,0,0,"",NA,TRUE
"W17-5","W17-T26-L4-P1","W17-5-E7","Sample_3","Team-5_Plate-7_Day-11","Plate-7","Day-11",11,NA,NA,NA,NA,NA,NA,NA,0.001,NA,NA,NA,NA,NA,NA,NA,0.004,NA,NA,NA,NA,NA,NA,NA,0.002,NA,NA,NA,NA,NA,NA,NA,"W17-T26-L4","internal",FALSE,10,0.8,1,1,0.1,14,22,0,0,"",NA,TRUE
"W17-5","W17-T26-L4-P2","W17-5-E8","Sample_1","Team-5_Plate-8_Day-11","Plate-8","Day-11",11,NA,NA,NA,NA,NA,NA,NA,0.01,NA,NA,NA,NA,NA,NA,NA,0.055,NA,NA,NA,NA,NA,NA,NA,NA,NA,NA,NA,NA,NA,NA,NA,"W17-T26-L4","internal",TRUE,67,0.8,1,1,0.1,14,22,0,0,"",NA,TRUE
"W17-5","W17-T3-L1-P1","W17-5-E6","Sample_2","Team-5_Plate-6_Day-11","Plate-6","Day-11",11,NA,NA,NA,NA,NA,NA,NA,NA,NA,NA,NA,NA,NA,NA,NA,NA,NA,NA,NA,NA,NA,NA,NA,NA,NA,NA,NA,NA,NA,NA,NA,"W17-T3-L1","internal",FALSE,40,0.8,1,1,0.1,14,22,0,0,"",NA,TRUE
"W17-5","W17-T3-L1-P2","W17-5-E6","Sample_3","Team-5_Plate-6_Day-11","Plate-6","Day-11",11,NA,NA,NA,NA,NA,NA,NA,NA,NA,NA,NA,NA,NA,NA,NA,NA,NA,NA,NA,NA,NA,NA,NA,NA,NA,NA,NA,NA,NA,NA,NA,"W17-T3-L1","internal",TRUE,69,0.8,1,1,0.1,14,22,0,0,"",NA,TRUE
"W17-5","W17-T35-L1-P1","W17-5-E5","Sample_3","Team-5_Plate-5_Day-11","Plate-5","Day-11",11,NA,NA,NA,NA,NA,NA,NA,NA,NA,NA,NA,NA,NA,NA,NA,NA,NA,NA,NA,NA,NA,NA,NA,NA,NA,NA,NA,NA,NA,NA,NA,"W17-T35-L1","internal",FALSE,52,0.8,1,1,0.1,14,22,0,0,"",NA,TRUE
"W17-5","W17-T35-L1-P2","W17-5-E6","Sample_1","Team-5_Plate-6_Day-11","Plate-6","Day-11",11,0.061,0.051,0.016,0.053,0.023,NA,NA,0.047,0.093,0.059,0.13,0.025,0.033,NA,NA,0.164,0.119,0.127,0.054,0.091,NA,NA,NA,0.065,0.168,0.119,0.036,0.035,NA,NA,NA,"W17-T35-L1","internal",TRUE,67,0.8,1,1,0.1,14,22,0,0,"",NA,TRUE
"W17-6","W17-T12-L1-P1","W17-6-E5","Sample_3","Team-6_Plate-5_Day-11","Plate-5","Day-11",11,0.33,NA,0.241,NA,0.092,NA,NA,NA,NA,NA,0.193,0.736,NA,NA,NA,NA,NA,NA,NA,NA,NA,NA,NA,NA,NA,NA,NA,NA,0.187,NA,NA,"W17-T12-L1","internal",FALSE,74,0.8,1,1,0.1,14,22,4,3,"",NA,TRUE
"W17-6","W17-T12-L1-P2","W17-6-E6","Sample_1","Team-6_Plate-6_Day-11","Plate-6","Day-11",11,NA,NA,NA,NA,NA,NA,NA,NA,NA,NA,NA,NA,0.065,NA,NA,0.044,NA,NA,NA,NA,NA,NA,0.552,0.043,0.009,0.17,NA,NA,NA,NA,NA,"W17-T12-L1","internal",TRUE,68.2,0.8,1,1,0.1,14,22,6,2,"",NA,TRUE
"W17-6","W17-T16-L1-P1","W17-6-E3","Sample_1","Team-6_Plate-3_Day-12","Plate-3","Day-12",12,0.151,1.028,1.039,NA,0.734,NA,0.195,0.263,1.483,0.17,0.352,NA,NA,0.153,NA,0.806,0.818,0.161,0.275,NA,0.733,NA,NA,0.134,0.289,NA,0.346,NA,0.441,NA,0.285,"W17-T16-L1","external",NA,30,0.8,1,1,0.1,14,22,9,3,"",NA,TRUE
"W17-6","W17-T16-L2-P1","W17-6-E3","Sample_2","Team-6_Plate-3_Day-12","Plate-3","Day-12",12,0.878,0.875,0.551,NA,0.676,0.938,0.808,0.667,1.717,1.016,2.372,0.984,0.46,0.28,NA,0.871,0.916,0.466,0.924,0.871,0.798,NA,0.703,1.182,1.169,NA,0.322,0.491,0.596,NA,0.469,"W17-T16-L2","external",NA,30,0.8,1,1,0.1,14,22,6,3,"",NA,TRUE
"W17-6","W17-T16-L2-P2","W17-6-E4","Sample_2","Team-6_Plate-4_Day-12","Plate-4","Day-12",12,NA,NA,NA,NA,NA,NA,NA,0.015,0.143,NA,0.115,NA,NA,NA,NA,0.027,NA,0.205,NA,NA,NA,NA,NA,0.005,NA,NA,NA,NA,NA,NA,NA,"W17-T16-L2","internal",NA,30,0.8,1,1,0.1,14,22,0,0,"",NA,TRUE
"W17-6","W17-T16-L3-P1","W17-6-E3","Sample_3","Team-6_Plate-3_Day-12","Plate-3","Day-12",12,0.19,0.481,0.838,NA,0.463,0.513,0.395,0.466,0.406,0.296,0.602,0.365,NA,NA,NA,NA,0.12,NA,NA,0.865,NA,NA,NA,0.123,0.33,NA,NA,NA,NA,NA,0,"W17-T16-L3","external",NA,40,0.8,1,1,0.1,14,22,12,3,"",NA,TRUE
"W17-6","W17-T16-L3-P2","W17-6-E4","Sample_3","Team-6_Plate-4_Day-12","Plate-4","Day-12",12,NA,NA,NA,NA,NA,NA,NA,NA,NA,NA,NA,NA,NA,NA,NA,NA,NA,NA,NA,NA,NA,NA,NA,0.039,NA,NA,NA,NA,NA,NA,NA,"W17-T16-L3","internal",NA,40,0.8,1,1,0.1,14,22,2,2,"",NA,TRUE
"W17-6","W17-T16-L4-P1","W17-6-E6","Sample_2","Team-6_Plate-6_Day-11","Plate-6","Day-11",11,NA,0.549,NA,0.014,NA,0.097,NA,0.457,0.045,0.141,0.057,NA,NA,NA,NA,0.137,NA,NA,NA,0.273,NA,NA,0.204,NA,0.136,NA,NA,NA,NA,NA,NA,"W17-T16-L4","internal",FALSE,6.01,0.8,1,1,0.1,14,22,2,2,"",NA,TRUE
"W17-6","W17-T16-L4-P2","W17-6-E6","Sample_3","Team-6_Plate-6_Day-11","Plate-6","Day-11",11,0.891,0.501,0.196,NA,NA,NA,NA,0.02,0.176,NA,0.358,0.273,0.24,NA,NA,0.219,0.806,NA,0.11,NA,NA,NA,0.083,0.396,1.098,0.195,NA,0.298,NA,NA,NA,"W17-T16-L4","internal",TRUE,51.2,0.8,1,1,0.1,14,22,16,3,"",NA,TRUE
"W17-6","W17-T27-L1-P1","W17-6-E1","Sample_1","Team-6_Plate-1_Day-12","Plate-1","Day-12",12,0.396,0.682,0.465,NA,0.03,0.225,0.26,0.574,0.25,NA,0.255,0.406,NA,NA,NA,NA,0.354,NA,NA,NA,NA,NA,NA,NA,0.175,NA,NA,0.138,NA,NA,NA,"W17-T27-L1","external",NA,16,0.8,1,1,0.1,14,22,4,2,"",NA,TRUE
"W17-6","W17-T27-L1-P2","W17-6-E2","Sample_1","Team-6_Plate-2_Day-12","Plate-2","Day-12",12,NA,NA,NA,NA,NA,NA,NA,0.016,NA,0.019,0.013,NA,NA,NA,NA,0.07,0.014,0.268,0.223,0.01,0.026,NA,NA,0.132,0.14,NA,0.105,0.06,NA,NA,0.02,"W17-T27-L1","internal",NA,16,0.8,1,1,0.1,14,22,0,0,"",NA,TRUE
"W17-6","W17-T27-L2-P1","W17-6-E1","Sample_2","Team-6_Plate-1_Day-12","Plate-1","Day-12",12,0.45,1.02,0.75,0.169,0.178,0.492,0.54,0.475,0.374,0.405,0.448,0.436,0.228,NA,NA,0.033,0.532,0.234,0.265,0.712,NA,NA,NA,0.554,0.319,NA,0.361,0.047,0.047,0.099,0.028,"W17-T27-L2","external",NA,50,0.8,1,1,0.1,14,22,92,3,"",NA,TRUE
"W17-6","W17-T27-L2-P2","W17-6-E2","Sample_2","Team-6_Plate-2_Day-12","Plate-2","Day-12",12,NA,NA,NA,NA,NA,NA,NA,0.04,0,0.03,NA,NA,NA,NA,NA,0.072,NA,0.012,0.009,0.031,NA,NA,NA,0.043,NA,NA,NA,NA,NA,NA,NA,"W17-T27-L2","internal",NA,50,0.8,1,1,0.1,14,22,0,0,"",NA,TRUE
"W17-6","W17-T27-L3-P1","W17-6-E1","Sample_3","Team-6_Plate-1_Day-12","Plate-1","Day-12",12,0.23,0.485,0.508,NA,0.607,0.492,0.507,0.446,0.376,0.193,0.252,0.458,0.457,NA,NA,NA,0.064,NA,0.093,NA,NA,NA,0.082,0.83,0.018,NA,0.163,0.018,NA,NA,NA,"W17-T27-L3","external",NA,80,0.8,1,1,0.1,14,22,8,2,"",NA,TRUE
"W17-6","W17-T27-L3-P2","W17-6-E2","Sample_3","Team-6_Plate-2_Day-12","Plate-2","Day-12",12,NA,NA,NA,NA,NA,NA,NA,NA,NA,NA,NA,NA,NA,NA,NA,NA,NA,NA,NA,NA,NA,NA,NA,NA,NA,NA,NA,NA,NA,NA,NA,"W17-T27-L3","internal",NA,80,0.8,1,1,0.1,14,22,0,0,"",NA,TRUE
"W17-6","W17-T27-L4-P1","W17-6-E7","Sample_1","Team-6_Plate-7_Day-11","Plate-7","Day-11",11,0.086,0.182,0.179,NA,NA,NA,NA,0.039,NA,NA,NA,NA,NA,0.064,NA,NA,NA,NA,NA,NA,NA,0.201,NA,0.029,NA,NA,0.003,0.027,NA,NA,NA,"W17-T27-L4","internal",FALSE,67,0.8,1,1,0.1,14,22,17,3,"",NA,TRUE
"W17-6","W17-T27-L4-P2","W17-6-E7","Sample_2","Team-6_Plate-7_Day-11","Plate-7","Day-11",11,NA,NA,NA,0.037,NA,NA,NA,0.059,0.07,NA,0.002,NA,NA,NA,NA,0.076,0.02,NA,0.014,0.025,NA,NA,NA,NA,NA,NA,NA,NA,NA,NA,NA,"W17-T27-L4","internal",TRUE,5.86,0.8,1,1,0.1,14,22,1,1,"",NA,TRUE
"W17-6","W17-T41-L1-P1","W17-6-E7","Sample_3","Team-6_Plate-7_Day-11","Plate-7","Day-11",11,NA,NA,NA,NA,NA,NA,NA,0.002,NA,NA,NA,NA,NA,NA,0.049,0.002,NA,NA,NA,NA,NA,NA,NA,NA,NA,NA,NA,NA,NA,NA,NA,"W17-T41-L1","internal",FALSE,63.2,0.8,1,1,0.1,14,22,0,0,"",NA,TRUE
"W17-6","W17-T41-L1-P2","W17-6-E8","Sample_1","Team-6_Plate-8_Day-11","Plate-8","Day-11",11,0.315,0.756,0.687,0.046,NA,0.096,NA,0.2,NA,0.143,0.329,0.344,0.249,NA,NA,0.424,NA,NA,0.012,NA,0.01,0.067,0.218,0.065,0.328,0.154,NA,0.053,0.052,NA,NA,"W17-T41-L1","internal",TRUE,67.1,0.8,1,1,0.1,14,22,0,0,"",NA,TRUE
"W17-6","W17-T46-L1-P1","W17-6-E8","Sample_2","Team-6_Plate-8_Day-11","Plate-8","Day-11",11,0.064,0.664,0.375,NA,0.834,NA,NA,0.304,0.012,0.394,0.074,0.76,NA,NA,NA,NA,NA,0.043,0.248,0.095,NA,NA,NA,0.205,0.519,0.109,0.001,NA,0.014,NA,NA,"W17-T46-L1","internal",FALSE,54.2,0.8,1,1,0.1,14,22,0,0,"",NA,TRUE
"W17-6","W17-T46-L1-P1","W17-6-E8","Sample_3","Team-6_Plate-8_Day-11","Plate-8","Day-11",11,0.601,0.053,NA,NA,NA,0.28,NA,NA,0.057,NA,NA,NA,NA,NA,NA,0.193,NA,NA,NA,NA,NA,NA,NA,NA,0.327,0.087,NA,NA,NA,NA,NA,"W17-T46-L1","internal",FALSE,54.2,0.8,1,1,0.1,14,22,0,0,"",NA,TRUE
"W17-6","W17-T8-L1-P1","W17-6-E5","Sample_1","Team-6_Plate-5_Day-11","Plate-5","Day-11",11,NA,NA,NA,NA,NA,NA,NA,NA,NA,0.189,NA,0.111,NA,NA,NA,NA,NA,NA,0.014,NA,NA,NA,NA,NA,NA,NA,NA,NA,NA,NA,NA,"W17-T8-L1","internal",TRUE,73.1,0.8,1,1,0.1,14,22,0,0,"",NA,TRUE
"W17-6","W17-T8-L1-P2","W17-6-E5","Sample_2","Team-6_Plate-5_Day-11","Plate-5","Day-11",11,NA,0.426,0.085,0.113,0.4,NA,NA,0.192,NA,NA,0.206,0,NA,NA,NA,NA,0.007,NA,NA,NA,NA,NA,NA,0.194,0.104,NA,NA,0.055,NA,NA,NA,"W17-T8-L1","internal",FALSE,79.4,0.8,1,1,0.1,14,22,0,0,"",NA,TRUE
"W17-7","W17-T13-L1-P1","W17-7-E8","Sample_1","Team-7_Plate-8_Day-11","Plate-8","Day-11",11,NA,NA,NA,NA,NA,NA,NA,0.023,NA,NA,NA,NA,NA,NA,NA,0.015,NA,NA,NA,NA,NA,NA,NA,0.022,NA,NA,NA,NA,NA,NA,NA,"W17-T13-L1","external",FALSE,0.05207,0.8,1,1,0.1,14,22,0,0,"",NA,TRUE
"W17-7","W17-T13-L1-P2","W17-7-E6","Sample_1","Team-7_Plate-6_Day-11","Plate-6","Day-11",11,NA,NA,NA,NA,0.928,NA,NA,0.018,NA,NA,NA,NA,NA,NA,NA,0.028,NA,NA,NA,NA,NA,NA,NA,0.005,NA,NA,NA,NA,NA,NA,NA,"W17-T13-L1","internal",TRUE,0.05921,0.8,1,1,0.1,14,22,0,0,"",NA,TRUE
"W17-7","W17-T17-L1-P1","W17-7-E1","Sample_1","Team-7_Plate-1_Day-12","Plate-1","Day-12",12,NA,0.342,NA,NA,0.15,0.698,NA,0.685,0.586,0.769,0.725,0.186,NA,NA,NA,NA,0.42,0,0.13,NA,NA,NA,NA,NA,0.111,0.336,NA,NA,NA,NA,NA,"W17-T17-L1","external",NA,18,0.8,1,1,0.1,14,22,15,2,"",NA,TRUE
"W17-7","W17-T17-L1-P2","W17-7-E2","Sample_1","Team-7_Plate-2_Day-12","Plate-2","Day-12",12,NA,NA,NA,NA,NA,NA,NA,0.026,NA,NA,NA,NA,NA,NA,NA,0.026,NA,NA,NA,NA,NA,NA,NA,0.013,NA,NA,NA,NA,NA,NA,NA,"W17-T17-L1","internal",NA,18,0.8,1,1,0.1,14,22,0,0,"",NA,TRUE
"W17-7","W17-T17-L2-P1","W17-7-E1","Sample_2","Team-7_Plate-1_Day-12","Plate-1","Day-12",12,0.633,1.471,0.851,0.162,0.075,0.592,0.415,0.521,0.467,0.314,0.883,0.507,0.151,NA,NA,NA,0.376,NA,0.053,NA,NA,NA,0.275,0.194,0.367,NA,0.552,NA,NA,NA,NA,"W17-T17-L2","external",NA,14.1,0.8,1,1,0.1,14,22,4,1,"",NA,TRUE
"W17-7","W17-T17-L2-P2","W17-7-E2","Sample_2","Team-7_Plate-2_Day-12","Plate-2","Day-12",12,NA,NA,0.004,NA,NA,NA,NA,0.037,NA,NA,NA,NA,NA,NA,NA,0.078,NA,NA,NA,NA,NA,NA,NA,0.063,NA,NA,NA,NA,NA,NA,NA,"W17-T17-L2","internal",NA,14.1,0.8,1,1,0.1,14,22,1,1,"",NA,TRUE
"W17-7","W17-T17-L3-P1","W17-7-E1","Sample_3","Team-7_Plate-1_Day-12","Plate-1","Day-12",12,0.639,0.423,0.518,0.051,0.326,0.76,0.179,0.549,0.493,0.787,0.372,0.295,NA,NA,NA,0.045,NA,NA,0.07,NA,NA,NA,NA,0.147,0.344,NA,0.014,0.036,NA,NA,NA,"W17-T17-L3","external",NA,11.8,0.8,1,1,0.1,14,22,1,1,"",NA,TRUE
"W17-7","W17-T17-L3-P2","W17-7-E2","Sample_3","Team-7_Plate-2_Day-12","Plate-2","Day-12",12,NA,NA,NA,NA,NA,NA,NA,NA,NA,NA,NA,NA,NA,NA,NA,NA,NA,NA,NA,NA,NA,NA,NA,0.002,NA,NA,NA,NA,NA,NA,NA,"W17-T17-L3","internal",NA,11.8,0.8,1,1,0.1,14,22,0,0,"",NA,TRUE
"W17-7","W17-T17-L4-P1","W17-7-E7","Sample_1","Team-7_Plate-7_Day-11","Plate-7","Day-11",11,NA,NA,NA,NA,NA,NA,NA,NA,NA,NA,NA,NA,NA,NA,NA,NA,NA,NA,NA,NA,NA,NA,NA,NA,NA,NA,NA,NA,NA,NA,NA,"W17-T17-L4","external",FALSE,0.05019,0.8,1,1,0.1,14,22,0,0,"",NA,TRUE
"W17-7","W17-T17-L4-P2","W17-7-E5","Sample_1","Team-7_Plate-5_Day-11","Plate-5","Day-11",11,NA,NA,NA,NA,NA,NA,NA,0.038,NA,NA,NA,NA,NA,NA,NA,0.03,NA,NA,NA,NA,NA,NA,NA,0.025,NA,NA,NA,NA,NA,NA,NA,"W17-T17-L4","internal",TRUE,0.05272,0.8,1,1,0.1,14,22,0,0,"",NA,TRUE
"W17-7","W17-T29-L1-P1","W17-7-E8","Sample_2","Team-7_Plate-8_Day-11","Plate-8","Day-11",11,NA,NA,NA,NA,NA,NA,NA,0.006,NA,NA,NA,NA,0.488,NA,NA,NA,NA,NA,NA,NA,0.067,NA,NA,NA,NA,NA,NA,NA,NA,NA,NA,NA,NA,NA,NA,NA,NA,NA,NA,NA,NA,NA,NA,NA,NA,NA
"W17-7","W17-T29-L1-P2","W17-7-E6","Sample_2","Team-7_Plate-6_Day-11","Plate-6","Day-11",11,NA,0.011,0.003,NA,NA,NA,NA,0.014,NA,NA,NA,NA,NA,NA,NA,0.039,NA,NA,NA,0.023,NA,NA,NA,0.025,NA,NA,NA,NA,NA,NA,NA,NA,NA,NA,NA,NA,NA,NA,NA,NA,NA,NA,NA,NA,NA,NA
"W17-7","W17-T32-L1-P1","W17-7-E3","Sample_1","Team-7_Plate-3_Day-12","Plate-3","Day-12",12,NA,0.222,NA,NA,NA,0.09,0.103,0.431,0.506,NA,0.029,0.022,NA,NA,NA,NA,NA,NA,NA,NA,NA,NA,NA,NA,0.091,NA,NA,NA,NA,NA,NA,"W17-T32-L1","external",NA,24.5,0.8,1,1,0.1,14,22,3,2,"",NA,TRUE
"W17-7","W17-T32-L1-P2","W17-7-E4","Sample_1","Team-7_Plate-4_Day-12","Plate-4","Day-12",12,NA,NA,NA,NA,NA,NA,NA,0.022,NA,NA,NA,NA,NA,NA,NA,0.025,NA,NA,NA,NA,NA,NA,NA,0.016,NA,NA,NA,NA,NA,NA,NA,"W17-T32-L1","internal",NA,24.5,0.8,1,1,0.1,14,22,8,1,"",NA,TRUE
"W17-7","W17-T32-L2-P1","W17-7-E3","Sample_2","Team-7_Plate-3_Day-12","Plate-3","Day-12",12,NA,0.278,0.306,NA,0.312,NA,0.099,0.392,0.535,0.331,0.323,0.349,0.092,NA,NA,0.035,0.093,NA,0.002,NA,NA,NA,NA,0.09,0.368,NA,0.333,0.198,NA,NA,0.068,"W17-T32-L2","external",NA,36.3,0.8,1,1,0.1,14,22,46,2,"",NA,TRUE
"W17-7","W17-T32-L2-P2","W17-7-E4","Sample_2","Team-7_Plate-4_Day-12","Plate-4","Day-12",12,NA,0.253,NA,0.007,NA,NA,NA,0.076,0.027,NA,0.046,NA,NA,NA,NA,0.065,0.039,0.03,0.034,0.036,NA,NA,NA,0.061,0.039,NA,0.017,NA,NA,NA,NA,"W17-T32-L2","internal",NA,36.3,0.8,1,1,0.1,14,22,0,0,"",NA,TRUE
"W17-7","W17-T32-L3-P1","W17-7-E3","Sample_3","Team-7_Plate-3_Day-12","Plate-3","Day-12",12,0.178,NA,NA,NA,NA,NA,NA,0.312,NA,NA,0.473,NA,NA,NA,NA,NA,0.134,NA,NA,NA,NA,NA,NA,NA,NA,NA,NA,NA,NA,NA,NA,"W17-T32-L3","external",NA,24.8,0.8,1,1,0.1,14,22,8,2,"",NA,TRUE
"W17-7","W17-T32-L3-P2","W17-7-E4","Sample_3","Team-7_Plate-4_Day-12","Plate-4","Day-12",12,NA,NA,NA,NA,NA,NA,NA,0.039,NA,NA,NA,NA,NA,NA,NA,0.013,NA,NA,NA,NA,NA,NA,NA,0.014,NA,NA,NA,NA,NA,NA,NA,"W17-T32-L3","internal",NA,24.8,0.8,1,1,0.1,14,22,0,0,"",NA,TRUE
"W17-7","W17-T32-L4-P1","W17-7-E7","Sample_3","Team-7_Plate-7_Day-11","Plate-7","Day-11",11,NA,NA,NA,NA,NA,NA,NA,NA,NA,NA,NA,NA,NA,NA,NA,NA,NA,NA,NA,NA,NA,NA,NA,0.03,NA,NA,NA,NA,NA,NA,NA,"W17-T32-L4","external",FALSE,0.04976,0.8,1,1,0.1,14,22,0,0,"",NA,TRUE
"W17-7","W17-T32-L4-P2","W17-7-E5","Sample_3","Team-7_Plate-5_Day-11","Plate-5","Day-11",11,NA,NA,NA,NA,NA,NA,NA,NA,NA,NA,NA,NA,0.211,NA,NA,NA,NA,NA,NA,NA,NA,NA,NA,NA,NA,NA,NA,NA,NA,NA,NA,"W17-T32-L4","internal",TRUE,0.06421,0.8,1,1,0.1,14,22,0,0,"",NA,TRUE
"W17-7","W17-T47-L1-P1","W17-7-E8","Sample_3","Team-7_Plate-8_Day-11","Plate-8","Day-11",11,NA,NA,NA,NA,NA,NA,NA,NA,NA,NA,NA,NA,NA,NA,NA,NA,NA,NA,NA,NA,NA,NA,NA,NA,NA,NA,NA,NA,NA,NA,NA,"W17-T47-L1","external",FALSE,0.05251,0.8,1,1,0.1,14,22,0,0,"",NA,TRUE
"W17-7","W17-T47-L1-P2","W17-7-E6","Sample_3","Team-7_Plate-6_Day-11","Plate-6","Day-11",11,NA,NA,NA,NA,NA,NA,NA,0.003,NA,NA,NA,NA,NA,NA,NA,NA,NA,NA,NA,NA,NA,NA,NA,0.073,0.011,NA,NA,NA,NA,NA,NA,"W17-T47-L1","internal",FALSE,0.05853,0.8,1,1,0.1,14,22,0,0,"",NA,TRUE
"W17-7","W17-T9-L1-P1","W17-7-E7","Sample_2","Team-7_Plate-7_Day-11","Plate-7","Day-11",11,NA,NA,NA,NA,NA,NA,NA,NA,NA,NA,NA,NA,NA,NA,NA,NA,NA,NA,NA,NA,NA,NA,NA,NA,NA,NA,NA,NA,NA,NA,NA,"W17-T9-L1","external",TRUE,0.04751,0.8,1,1,0.1,14,22,0,0,"",NA,TRUE
"W17-7","W17-T9-L1-P2","W17-7-E5","Sample_2","Team-7_Plate-5_Day-11","Plate-5","Day-11",11,0.322,0.478,0.081,NA,NA,NA,NA,0.021,NA,NA,0.388,0.305,0.188,NA,NA,0.24,0.26,NA,NA,NA,0.027,NA,0.256,0.04,0.184,0.034,0.018,NA,NA,NA,NA,"W17-T9-L1","internal",FALSE,0.05876,0.8,1,1,0.1,14,22,0,0,"",NA,TRUE
"W17-8","W17-T14-L1-P1","W17-8-E5","Sample_1","Team-8_Plate-5_Day-11","Plate-5","Day-11",11,NA,NA,NA,NA,NA,NA,NA,0.004,NA,NA,NA,NA,NA,NA,NA,0.069,0.003,NA,NA,NA,NA,0.096,NA,0.007,NA,NA,NA,0.044,0.023,NA,NA,"W17-T14-L1","internal",TRUE,48,0.8,1,1,0.1,14,22,NA,NA,"",NA,TRUE
"W17-8","W17-T14-L1-P2","W17-8-E7","Sample_1","Team-8_Plate-7_Day-11","Plate-7","Day-11",11,0.096,0.372,0.19,NA,NA,NA,NA,0.675,0.668,NA,0.24,NA,NA,NA,NA,0.13,NA,NA,NA,NA,NA,NA,NA,NA,0.368,NA,0.174,NA,0.01,NA,NA,"W17-T14-L1","internal",FALSE,50,0.8,1,1,0.1,14,22,0,0,"",NA,NA
"W17-8","W17-T30-L1-P1","W17-8-E5","Sample_2","Team-8_Plate-5_Day-11","Plate-5","Day-11",11,0.008,NA,NA,0.064,NA,NA,0.017,0.054,0.167,NA,NA,NA,NA,NA,NA,0.052,NA,0.099,NA,0.106,0.103,NA,NA,NA,0.005,NA,NA,0.247,NA,NA,NA,"W17-T30-L1","internal",TRUE,50,0.8,1,1,0.1,14,22,NA,NA,"",NA,TRUE
"W17-8","W17-T30-L1-P2","W17-8-E7","Sample_2","Team-8_Plate-7_Day-11","Plate-7","Day-11",11,NA,NA,NA,NA,NA,0.341,NA,0.028,0.025,NA,NA,0.089,NA,NA,NA,0.053,0.119,NA,NA,NA,NA,NA,NA,0.037,0.006,NA,NA,NA,NA,NA,NA,"W17-T30-L1","internal",FALSE,55,0.8,1,1,0.1,14,22,0,0,"",NA,NA
"W17-8","W17-T43-L1-P1","W17-8-E5","Sample_3","Team-8_Plate-5_Day-11","Plate-5","Day-11",11,0.067,NA,0.015,NA,0.007,NA,NA,0.104,0.049,NA,NA,NA,NA,NA,NA,0.061,0.115,0.073,NA,0.04,0.028,NA,NA,0.14,0.104,0.093,0.003,0.028,0.019,0.003,NA,"W17-T43-L1","internal",TRUE,48,0.8,1,1,0.1,14,22,NA,NA,"",NA,TRUE
"W17-8","W17-T43-L1-P2","W17-8-E7","Sample_3","Team-8_Plate-7_Day-11","Plate-7","Day-11",11,NA,NA,NA,NA,NA,NA,NA,0.02,NA,NA,NA,NA,NA,NA,NA,NA,NA,NA,NA,NA,NA,NA,NA,NA,NA,NA,NA,NA,NA,NA,NA,"W17-T43-L1","internal",FALSE,51,0.8,1,1,0.1,14,22,0,0,"",NA,NA
"W17-8","W17-T48-L1-P2","W17-8-E8","Sample_3","Team-8_Plate-8_Day-11","Plate-8","Day-11",11,0.006,0.145,0.089,NA,NA,NA,NA,0.227,0.167,0.2,0.127,0.095,0.083,0.045,NA,0.239,0.153,0.085,0.069,0.104,0.125,0.082,NA,0.227,0.261,0.173,0.179,0.167,0.194,0.123,0.025,"W17-T48-L1","internal",FALSE,47,0.8,1,1,0.1,14,22,0,0,"",NA,NA
"W17-8","W17-T48_L1-P1","W17-8-E6","Sample_3","Team-8_Plate-6_Day-11","Plate-6","Day-11",11,NA,NA,NA,NA,NA,NA,NA,NA,NA,NA,NA,NA,NA,NA,NA,NA,NA,NA,NA,NA,NA,NA,NA,NA,NA,NA,NA,NA,NA,NA,NA,NA,NA,NA,NA,NA,NA,NA,NA,NA,NA,NA,NA,NA,NA,NA
"W17-8","W17-T49-L1-P1","W17-8-E3","Sample_1","Team-8_Plate-3_Day-12","Plate-3","Day-12",12,0.319,0.471,0.08,NA,0.245,0.358,0.186,0.073,0.56,0.347,0.596,0.264,NA,NA,NA,NA,NA,NA,NA,NA,NA,NA,NA,0.003,NA,NA,0.113,NA,NA,NA,NA,"W17-T49-L1","external",NA,5,0.8,1,1,0.1,14,22,3,2,"",NA,TRUE
"W17-8","W17-T49-L1-P2","W17-8-E4","Sample_1","Team-8_Plate-4_Day-12","Plate-4","Day-12",12,NA,NA,NA,NA,NA,NA,NA,0.03,NA,NA,NA,NA,NA,NA,NA,0.052,NA,NA,NA,NA,NA,NA,NA,0.044,0.013,NA,NA,NA,NA,NA,NA,"W17-T49-L1","internal",NA,5,0.8,1,1,0.1,14,22,0,0,"",NA,TRUE
"W17-8","W17-T49-L2-P1","W17-8-E3","Sample_2","Team-8_Plate-3_Day-12","Plate-3","Day-12",12,NA,0.067,NA,NA,NA,NA,NA,0.011,NA,NA,NA,NA,NA,NA,NA,0.037,NA,NA,NA,NA,NA,NA,NA,0.029,NA,NA,NA,NA,NA,NA,NA,"W17-T49-L2","external",NA,5,0.8,1,1,0.1,14,22,0,0,"",NA,TRUE
"W17-8","W17-T49-L2-P2","W17-8-E4","Sample_2","Team-8_Plate-4_Day-12","Plate-4","Day-12",12,NA,NA,NA,NA,NA,NA,NA,0.006,NA,NA,NA,0.339,NA,NA,NA,0.024,NA,NA,NA,NA,NA,NA,NA,0.009,NA,NA,NA,NA,NA,NA,NA,"W17-T49-L2","internal",NA,5,0.8,1,1,0.1,14,22,0,0,"",NA,TRUE
"W17-8","W17-T49-L3-P1","W17-8-E3","Sample_3","Team-8_Plate-3_Day-12","Plate-3","Day-12",12,0.099,NA,NA,NA,NA,NA,NA,NA,NA,NA,NA,NA,NA,NA,NA,NA,NA,NA,NA,NA,NA,NA,NA,0.013,NA,NA,NA,NA,NA,NA,NA,"W17-T49-L3","external",NA,4,0.8,1,1,0.1,14,22,0,0,"",NA,TRUE
"W17-8","W17-T49-L3-P2","W17-8-E4","Sample_3","Team-8_Plate-4_Day-12","Plate-4","Day-12",12,NA,NA,NA,NA,NA,NA,NA,NA,NA,NA,NA,NA,NA,NA,NA,NA,NA,NA,NA,NA,NA,NA,NA,NA,NA,NA,NA,NA,NA,NA,NA,"W17-T49-L3","internal",NA,4,0.8,1,1,0.1,14,22,0,0,"",NA,TRUE
"W17-8","W17-T49-L4-P1","W17-8-E6","Sample_2","Team-8_Plate-6_Day-11","Plate-6","Day-11",11,0.142,0.042,0.016,0.034,0.154,NA,NA,0.063,0.08,NA,NA,NA,NA,0.188,NA,0.129,NA,NA,NA,0.033,0.045,0.074,NA,0.178,0.154,0.113,0.019,0.041,0.03,0.002,NA,"W17-T49-L4","internal",TRUE,50,0.8,1,1,0.1,14,22,NA,NA,"",NA,TRUE
"W17-8","W17-T49-L4-P2","W17-8-E8","Sample_2","Team-8_Plate-8_Day-11","Plate-8","Day-11",11,NA,NA,NA,NA,NA,NA,NA,NA,NA,NA,NA,NA,NA,NA,NA,NA,NA,NA,NA,NA,NA,NA,NA,NA,NA,NA,NA,NA,NA,NA,NA,"W17-T49-L4","internal",FALSE,50,0.8,1,1,0.1,14,22,0,0,"",NA,NA
"W17-8","W17-T54-L1-P1","W17-8-E1","Sample_1","Team-8_Plate-1_Day-12","Plate-1","Day-12",12,0.824,0.343,NA,NA,NA,NA,NA,NA,NA,0.045,0.217,0.062,NA,NA,NA,0.024,NA,NA,NA,NA,NA,NA,NA,0.045,0.006,NA,0.181,0.012,NA,NA,NA,"W17-T54-L1","external",NA,20,0.8,1,1,0.1,14,22,0,0,"",NA,TRUE
"W17-8","W17-T54-L1-P2","W17-8-E2","Sample_1","Team-8_Plate-2_Day-12","Plate-2","Day-12",12,NA,NA,NA,NA,NA,NA,NA,0.006,NA,NA,NA,NA,NA,NA,NA,0.022,NA,0.007,NA,NA,NA,NA,NA,0.026,0.051,NA,NA,NA,NA,NA,NA,"W17-T54-L1","internal",NA,20,0.8,1,1,0.1,14,22,1,1,"",NA,TRUE
"W17-8","W17-T54-L2-P1","W17-8-E1","Sample_2","Team-8_Plate-1_Day-12","Plate-1","Day-12",12,1.141,0.933,1.394,NA,NA,0.74,0.21,1.425,0.778,0.232,1.099,1.128,0.721,NA,NA,0.409,0.853,NA,0.129,0.274,0.198,0.103,0.442,0.698,0.558,0.252,0.266,NA,NA,NA,NA,"W17-T54-L2","external",NA,33,0.8,1,1,0.1,14,22,0,0,"",NA,TRUE
"W17-8","W17-T54-L2-P2","W17-8-E2","Sample_2","Team-8_Plate-2_Day-12","Plate-2","Day-12",12,NA,NA,NA,NA,NA,NA,NA,0.005,NA,NA,NA,NA,NA,NA,NA,0.035,NA,NA,NA,NA,NA,NA,NA,0.03,0.005,NA,NA,NA,NA,NA,NA,"W17-T54-L2","internal",NA,33,0.8,1,1,0.1,14,22,25,4,"",NA,TRUE
"W17-8","W17-T54-L3-P1","W17-8-E1","Sample_3","Team-8_Plate-1_Day-12","Plate-1","Day-12",12,0.124,0.275,0.816,NA,NA,0.509,0.478,NA,0.422,0.313,0.587,0.578,NA,NA,NA,NA,NA,NA,NA,NA,NA,NA,NA,NA,NA,0.498,NA,NA,NA,NA,NA,"W17-T54-L3","external",NA,90,0.8,1,1,0.1,14,22,0,0,"",NA,TRUE
"W17-8","W17-T54-L3-P2","W17-8-E2","Sample_3","Team-8_Plate-2_Day-12","Plate-2","Day-12",12,NA,NA,NA,NA,NA,NA,NA,NA,NA,NA,NA,NA,NA,NA,NA,NA,NA,NA,NA,NA,NA,NA,NA,0.016,NA,NA,NA,NA,NA,NA,NA,"W17-T54-L3","internal",NA,90,0.8,1,1,0.1,14,22,1,1,"",NA,TRUE
"W17-8","W17-T54-L4-P1","W17-8-E6","Sample_1","Team-8_Plate-6_Day-11","Plate-6","Day-11",11,NA,NA,NA,NA,NA,NA,NA,NA,NA,NA,NA,NA,NA,NA,NA,NA,NA,NA,NA,NA,NA,NA,NA,NA,NA,NA,NA,NA,NA,NA,NA,"W17-T54-L4","internal",TRUE,52,0.8,1,1,0.1,14,22,NA,NA,"",NA,TRUE
"W17-8","W17-T54-L4-P2","W17-8-E8","Sample_1","Team-8_Plate-8_Day-11","Plate-8","Day-11",11,0.977,0.679,0.144,NA,0.105,0.44,NA,0.113,NA,NA,0.282,0.565,0.545,NA,0.181,0.78,0.872,NA,0.309,0.007,NA,0.087,0.447,0.078,0.58,0.171,0.267,NA,NA,NA,NA,"W17-T54-L4","internal",FALSE,52,0.8,1,1,0.1,14,22,0,0,"",NA,NA
